_id,name,brand,cat,price,old,rating,img,inStock,description,specs[0].label,specs[1].label,specs[2].label,specs[3].label,specs[4].label,specs[5].label,specs[0].value,specs[1].value,specs[2].value,specs[3].value,specs[4].value,specs[5].value,createdAt
6a4ea19933535645d0238f51,ASUS ROG Strix GeForce RTX 4090 OC 24GB,ASUS,Graphics Cards,689000,720000,4.7,https://res.cloudinary.com/vgqckxmi/image/upload/v1783550309/fastcomputers/fykzwqsz7w0txuflofwm.webp,true,"The ASUS ROG Strix GeForce RTX 4090 OC 24GB is a high-performance graphics card built for extreme gaming and content creation. Featuring 24GB GDDR6X VRAM and advanced GPU architecture, it delivers exceptional performance in 4K gaming, real-time ray tracing, and AI-accelerated workflows. ASUS's advanced thermal design keeps temperatures in check even during the most intense sessions.",GPU,VRAM,Boost Clock,CUDA Cores,Interface,Power TDP,RTX 4090,24GB GDDR6X,2640 MHz,16384,384-bit,450W,2026-07-08T19:14:32.722Z
6a4ea19933535645d0238f52,MSI GeForce RTX 4080 Super Gaming X Trio 16GB,MSI,Graphics Cards,365000,390000,5,https://res.cloudinary.com/vgqckxmi/image/upload/v1783549885/fastcomputers/nxktwyimgoesj57bbj9t.jpg,true,"The MSI GeForce RTX 4080 Super Gaming X Trio 16GB is a high-performance graphics card built for extreme gaming and content creation. Featuring 16GB GDDR6X VRAM and advanced GPU architecture, it delivers exceptional performance in 4K gaming, real-time ray tracing, and AI-accelerated workflows. MSI's advanced thermal design keeps temperatures in check even during the most intense sessions.",GPU,VRAM,Boost Clock,CUDA Cores,Interface,Fans,RTX 4080 Super,16GB GDDR6X,2610 MHz,10240,256-bit,Triple Torx Fan,2026-07-08T19:14:32.723Z
6a4ea19933535645d0238f53,NVIDIA GeForce RTX 4070 Ti Super Founders Edition,NVIDIA,Graphics Cards,289000,310000,4.8,https://res.cloudinary.com/vgqckxmi/image/upload/v1783550293/fastcomputers/ljuwxy01nrdetk5zrw7g.avif,true,"The NVIDIA GeForce RTX 4070 Ti Super Founders Edition is a high-performance graphics card built for extreme gaming and content creation. Featuring 16GB GDDR6X VRAM and advanced GPU architecture, it delivers exceptional performance in 4K gaming, real-time ray tracing, and AI-accelerated workflows. NVIDIA's advanced thermal design keeps temperatures in check even during the most intense sessions.",GPU,VRAM,Boost Clock,CUDA Cores,Interface,Power,RTX 4070 Ti Super,16GB GDDR6X,2610 MHz,8448,256-bit,16-pin Connector,2026-07-08T19:14:32.723Z
6a4ea19933535645d0238f54,Zotac Gaming GeForce RTX 4070 Super AMP Airo,Zotac,Graphics Cards,215000,235000,4.2,https://res.cloudinary.com/vgqckxmi/image/upload/v1783550277/fastcomputers/qrvy9d9hnazcm4buzhko.jpg,true,"The Zotac Gaming GeForce RTX 4070 Super AMP Airo is a high-performance graphics card built for extreme gaming and content creation. Featuring 12GB GDDR6X VRAM and advanced GPU architecture, it delivers exceptional performance in 4K gaming, real-time ray tracing, and AI-accelerated workflows. Zotac's advanced thermal design keeps temperatures in check even during the most intense sessions.",GPU,VRAM,Boost Clock,CUDA Cores,RGB,Interface,RTX 4070 Super,12GB GDDR6X,2550 MHz,7168,Spectra 2.0,192-bit,2026-07-08T19:14:32.723Z
6a4ea19933535645d0238f55,AMD Radeon RX 7900 XTX Reference Card 24GB,AMD,Graphics Cards,345000,375000,4,https://res.cloudinary.com/vgqckxmi/image/upload/v1783550259/fastcomputers/grsaeyskkhqz1l1q7pyb.jpg,true,"The AMD Radeon RX 7900 XTX Reference Card 24GB is a high-performance graphics card built for extreme gaming and content creation. Featuring 24GB GDDR6 VRAM and advanced GPU architecture, it delivers exceptional performance in 4K gaming, real-time ray tracing, and AI-accelerated workflows. AMD's advanced thermal design keeps temperatures in check even during the most intense sessions.",GPU,VRAM,Compute Units,Interface,Infinity Cache,TDP,Radeon RX 7900 XTX,24GB GDDR6,96,384-bit,96MB,355W,2026-07-08T19:14:32.723Z
6a4ea19933535645d0238f56,Gigabyte Aorus Master GeForce RTX 4060 Ti 16GB,Gigabyte,Graphics Cards,175000,195000,4.9,https://res.cloudinary.com/vgqckxmi/image/upload/v1783550239/fastcomputers/lhg9mbnjd0jexojyl4rb.jpg,true,"The Gigabyte Aorus Master GeForce RTX 4060 Ti 16GB is a high-performance graphics card built for extreme gaming and content creation. Featuring 16GB GDDR6 VRAM and advanced GPU architecture, it delivers exceptional performance in 4K gaming, real-time ray tracing, and AI-accelerated workflows. Gigabyte's advanced thermal design keeps temperatures in check even during the most intense sessions.",GPU,VRAM,Boost Clock,CUDA Cores,Interface,Cooling,RTX 4060 Ti,16GB GDDR6,2640 MHz,4352,128-bit,Windforce Stack 3x,2026-07-08T19:14:32.723Z
6a4ea19933535645d0238f57,Sapphire Nitro+ Radeon RX 7800 XT 16GB,Sapphire,Graphics Cards,185000,205000,4.6,https://res.cloudinary.com/vgqckxmi/image/upload/v1783549989/fastcomputers/rqlm3lzvi2y1vthcstxg.jpg,true,"The Sapphire Nitro+ Radeon RX 7800 XT 16GB is a high-performance graphics card built for extreme gaming and content creation. Featuring 16GB GDDR6 VRAM and advanced GPU architecture, it delivers exceptional performance in 4K gaming, real-time ray tracing, and AI-accelerated workflows. Sapphire's advanced thermal design keeps temperatures in check even during the most intense sessions.",GPU,VRAM,Compute Units,Interface,Boost Clock,RGB,Radeon RX 7800 XT,16GB GDDR6,60,256-bit,2430 MHz,ARGB Lighting,2026-07-08T19:14:32.723Z
6a4ea19933535645d0238f58,PowerColor Red Devil Radeon RX 7700 XT 12GB,PowerColor,Graphics Cards,155000,172000,4.4,https://res.cloudinary.com/vgqckxmi/image/upload/v1783549964/fastcomputers/owevniaotes6ls6q4egs.webp,true,"The PowerColor Red Devil Radeon RX 7700 XT 12GB is a high-performance graphics card built for extreme gaming and content creation. Featuring 12GB GDDR6 VRAM and advanced GPU architecture, it delivers exceptional performance in 4K gaming, real-time ray tracing, and AI-accelerated workflows. PowerColor's advanced thermal design keeps temperatures in check even during the most intense sessions.",GPU,VRAM,Compute Units,Interface,Boost Clock,Fans,Radeon RX 7700 XT,12GB GDDR6,54,192-bit,2584 MHz,Triple Fan,2026-07-08T19:14:32.723Z
6a4ea19933535645d0238f59,XFX Speedster MERC 319 Radeon RX 7600 XT 16GB,XFX,Graphics Cards,128000,140000,4.1,https://res.cloudinary.com/vgqckxmi/image/upload/v1783549936/fastcomputers/ylbn9bqyu2hciqjjupfn.jpg,true,"The XFX Speedster MERC 319 Radeon RX 7600 XT 16GB is a high-performance graphics card built for extreme gaming and content creation. Featuring 16GB GDDR6 VRAM and advanced GPU architecture, it delivers exceptional performance in 4K gaming, real-time ray tracing, and AI-accelerated workflows. XFX's advanced thermal design keeps temperatures in check even during the most intense sessions.",GPU,VRAM,Compute Units,Interface,Boost Clock,TDP,Radeon RX 7600 XT,16GB GDDR6,32,128-bit,2755 MHz,190W,2026-07-08T19:14:32.723Z
6a4ea19933535645d0238f5a,Palit GeForce RTX 3060 Dual OC 12GB,Palit,Graphics Cards,99000,110000,4.5,https://res.cloudinary.com/vgqckxmi/image/upload/v1783549911/fastcomputers/odupw6lbvlwk90g9fjjs.jpg,true,"The Palit GeForce RTX 3060 Dual OC 12GB is a high-performance graphics card built for extreme gaming and content creation. Featuring 12GB GDDR6 VRAM and advanced GPU architecture, it delivers exceptional performance in 4K gaming, real-time ray tracing, and AI-accelerated workflows. Palit's advanced thermal design keeps temperatures in check even during the most intense sessions.",GPU,VRAM,CUDA Cores,Interface,Boost Clock,Fans,RTX 3060,12GB GDDR6,3584,192-bit,1807 MHz,Dual StormX Fan,2026-07-08T19:14:32.723Z
6a4ea19933535645d0238f5b,ASUS ROG Maximus Z790 Hero ATX,ASUS,Motherboards,165000,180000,4.9,https://res.cloudinary.com/vgqckxmi/image/upload/v1783554489/fastcomputers/qy9ipsnscbvmlvqh7dzj.jpg,true,"The ASUS ROG Maximus Z790 Hero ATX is a premium LGA 1700 motherboard engineered for builders who demand the best. With Intel Z790 and support for high-speed DDR5 up to 192GB memory, it delivers rock-solid stability and serious overclocking headroom. ASUS's build quality ensures long-term reliability for both gaming and professional workstations.",Socket,Chipset,Form Factor,Memory,M.2 Slots,WiFi,LGA 1700,Intel Z790,ATX,DDR5 up to 192GB,5 x M.2,WiFi 7,2026-07-08T19:14:32.723Z
6a4ea19933535645d0238f5c,MSI MEG X670E ACE E-ATX Motherboard,MSI,Motherboards,155000,170000,4.7,https://res.cloudinary.com/vgqckxmi/image/upload/v1783554472/fastcomputers/mfxbeek9kzgiznmllhrp.png,true,"The MSI MEG X670E ACE E-ATX Motherboard is a premium AM5 motherboard engineered for builders who demand the best. With AMD X670E and support for high-speed DDR5 up to 256GB memory, it delivers rock-solid stability and serious overclocking headroom. MSI's build quality ensures long-term reliability for both gaming and professional workstations.",Socket,Chipset,Form Factor,Memory,PCIe,WiFi,AM5,AMD X670E,E-ATX,DDR5 up to 256GB,PCIe 5.0 x16,WiFi 6E,2026-07-08T19:14:32.723Z
6a4ea19933535645d0238f5d,Gigabyte Z790 Aorus Elite AX ATX,Gigabyte,Motherboards,95000,105000,4.9,https://res.cloudinary.com/vgqckxmi/image/upload/v1783554455/fastcomputers/qg8cetindmjdhty2gu1t.jpg,true,"The Gigabyte Z790 Aorus Elite AX ATX is a premium LGA 1700 motherboard engineered for builders who demand the best. With Intel Z790 and support for high-speed DDR5 memory, it delivers rock-solid stability and serious overclocking headroom. Gigabyte's build quality ensures long-term reliability for both gaming and professional workstations.",Socket,Chipset,Form Factor,M.2 Slots,WiFi,LAN,LGA 1700,Intel Z790,ATX,4 x M.2,WiFi 6E,2.5G Ethernet,2026-07-08T19:14:32.723Z
6a4ea19933535645d0238f5e,ASRock X670E Taichi Carrara ATX,ASRock,Motherboards,115000,128000,4.8,https://res.cloudinary.com/vgqckxmi/image/upload/v1783554437/fastcomputers/w1jnj5qmrold0rrlgi3c.jpg,false,"The ASRock X670E Taichi Carrara ATX is a premium AM5 motherboard engineered for builders who demand the best. With AMD X670E and support for high-speed DDR5 memory, it delivers rock-solid stability and serious overclocking headroom. ASRock's build quality ensures long-term reliability for both gaming and professional workstations.",Socket,Chipset,Form Factor,PCIe,USB4,WiFi,AM5,AMD X670E,ATX,PCIe 5.0 x16,2 x USB4 Ports,WiFi 6E,2026-07-08T19:14:32.723Z
6a4ea19933535645d0238f5f,NZXT N7 Z790 Clean ATX Motherboard,NZXT,Motherboards,75000,82000,4.1,https://res.cloudinary.com/vgqckxmi/image/upload/v1783554418/fastcomputers/spehox2t3vvlggm1oqkh.jpg,true,"The NZXT N7 Z790 Clean ATX Motherboard is a premium LGA 1700 motherboard engineered for builders who demand the best. With Intel Z790 and support for high-speed DDR5 memory, it delivers rock-solid stability and serious overclocking headroom. NZXT's build quality ensures long-term reliability for both gaming and professional workstations.",Socket,Chipset,Form Factor,M.2 Slots,WiFi,Design,LGA 1700,Intel Z790,ATX,3 x M.2,WiFi 6E,Matte Black Cover,2026-07-08T19:14:32.723Z
6a4ea19933535645d0238f60,ASUS ROG Strix Z790-F Gaming WiFi II ATX,ASUS,Motherboards,110000,120000,4.2,https://res.cloudinary.com/vgqckxmi/image/upload/v1783554315/fastcomputers/jcfzv5xlwixiotwf7qjy.jpg,true,"The ASUS ROG Strix Z790-F Gaming WiFi II ATX is a premium LGA 1700 motherboard engineered for builders who demand the best. With Intel Z790 and support for high-speed DDR5 up to 192GB memory, it delivers rock-solid stability and serious overclocking headroom. ASUS's build quality ensures long-term reliability for both gaming and professional workstations.",Socket,Chipset,Form Factor,Memory,M.2 Slots,WiFi,LGA 1700,Intel Z790,ATX,DDR5 up to 192GB,5 x M.2,WiFi 7,2026-07-08T19:14:32.723Z
6a4ea19933535645d0238f61,MSI MPG Z790 Carbon WiFi ATX,MSI,Motherboards,125000,135000,4.4,https://res.cloudinary.com/vgqckxmi/image/upload/v1783554333/fastcomputers/hfcg2vjqaeqnih03vggl.jpg,true,"The MSI MPG Z790 Carbon WiFi ATX is a premium LGA 1700 motherboard engineered for builders who demand the best. With Intel Z790 and support for high-speed DDR5 up to 192GB memory, it delivers rock-solid stability and serious overclocking headroom. MSI's build quality ensures long-term reliability for both gaming and professional workstations.",Socket,Chipset,Form Factor,Memory,WiFi,M.2 Slots,LGA 1700,Intel Z790,ATX,DDR5 up to 192GB,WiFi 6E,5 x M.2,2026-07-08T19:14:32.723Z
6a4ea19933535645d0238f62,Gigabyte B650 Aorus Elite AX ATX,Gigabyte,Motherboards,68000,75000,4.5,https://res.cloudinary.com/vgqckxmi/image/upload/v1783554352/fastcomputers/nscwsxpwhoottv42nuiu.jpg,true,"The Gigabyte B650 Aorus Elite AX ATX is a premium AM5 motherboard engineered for builders who demand the best. With AMD B650 and support for high-speed DDR5 up to 192GB memory, it delivers rock-solid stability and serious overclocking headroom. Gigabyte's build quality ensures long-term reliability for both gaming and professional workstations.",Socket,Chipset,Form Factor,Memory,WiFi,PCIe,AM5,AMD B650,ATX,DDR5 up to 192GB,WiFi 6E,PCIe 5.0 M.2 Support,2026-07-08T19:14:32.723Z
6a4ea19933535645d0238f63,ASRock B650 Pro RS ATX Motherboard,ASRock,Motherboards,49000,55000,4.8,https://res.cloudinary.com/vgqckxmi/image/upload/v1783554374/fastcomputers/s7b6xjascpybdiqtvalo.jpg,true,"The ASRock B650 Pro RS ATX Motherboard is a premium AM5 motherboard engineered for builders who demand the best. With AMD B650 and support for high-speed DDR5 up to 192GB memory, it delivers rock-solid stability and serious overclocking headroom. ASRock's build quality ensures long-term reliability for both gaming and professional workstations.",Socket,Chipset,Form Factor,Memory,M.2 Slots,LAN,AM5,AMD B650,ATX,DDR5 up to 192GB,3 x M.2,2.5G LAN,2026-07-08T19:14:32.723Z
6a4ea19933535645d0238f64,ASUS TUF Gaming B760-PLUS WIFI ATX,ASUS,Motherboards,58000,65000,4.4,https://res.cloudinary.com/vgqckxmi/image/upload/v1783554393/fastcomputers/exq3peb42df1zhxulo7r.jpg,true,"The ASUS TUF Gaming B760-PLUS WIFI ATX is a premium LGA 1700 motherboard engineered for builders who demand the best. With Intel B760 and support for high-speed DDR5 up to 192GB memory, it delivers rock-solid stability and serious overclocking headroom. ASUS's build quality ensures long-term reliability for both gaming and professional workstations.",Socket,Chipset,Form Factor,Memory,WiFi,PCIe,LGA 1700,Intel B760,ATX,DDR5 up to 192GB,WiFi 6,PCIe 5.0 x16,2026-07-08T19:14:32.723Z
6a4ea19933535645d0238f65,Intel Core i9-14900K Desktop Processor,Intel,Processors,165000,175000,4.3,https://res.cloudinary.com/vgqckxmi/image/upload/v1783555260/fastcomputers/oc1fgxhhkfbghbyxtmgi.jpg,true,"The Intel Core i9-14900K Desktop Processor is a powerhouse desktop processor delivering 24 (8P+16E) performance for gaming, streaming, and content creation. With a boost clock of 6.0 GHz and advanced cache architecture, it crushes demanding workloads. A top choice for any high-performance PC build.",Socket,Total Cores,Total Threads,Max Turbo,L3 Cache,TDP,LGA1700,24 (8P+16E),32,6.0 GHz,36MB,125W,2026-07-08T19:14:32.723Z
6a4ea19933535645d0238f66,Intel Core i7-14700K Desktop Processor,Intel,Processors,115000,125000,4.3,https://res.cloudinary.com/vgqckxmi/image/upload/v1783555277/fastcomputers/qzvtbtikrvycqbx6a5u3.jpg,true,"The Intel Core i7-14700K Desktop Processor is a powerhouse desktop processor delivering 20 (8P+12E) performance for gaming, streaming, and content creation. With a boost clock of 5.6 GHz and advanced cache architecture, it crushes demanding workloads. A top choice for any high-performance PC build.",Socket,Total Cores,Total Threads,Max Turbo,L3 Cache,TDP,LGA1700,20 (8P+12E),28,5.6 GHz,33MB,125W,2026-07-08T19:14:32.723Z
6a4ea19933535645d0238f67,Intel Core i5-14600K Desktop Processor,Intel,Processors,88000,95000,4.5,https://res.cloudinary.com/vgqckxmi/image/upload/v1783555291/fastcomputers/frbznhhmlepf9uusbkyz.jpg,true,"The Intel Core i5-14600K Desktop Processor is a powerhouse desktop processor delivering 14 (6P+8E) performance for gaming, streaming, and content creation. With a boost clock of 5.3 GHz and advanced cache architecture, it crushes demanding workloads. A top choice for any high-performance PC build.",Socket,Total Cores,Total Threads,Max Turbo,L3 Cache,TDP,LGA1700,14 (6P+8E),20,5.3 GHz,24MB,125W,2026-07-08T19:14:32.723Z
6a4ea19933535645d0238f68,Intel Core i5-13400F Desktop Processor,Intel,Processors,54000,59000,4.7,https://res.cloudinary.com/vgqckxmi/image/upload/v1783555309/fastcomputers/ebbcpnwu2rwym5zk2hnc.jpg,false,"The Intel Core i5-13400F Desktop Processor is a powerhouse desktop processor delivering 10 (6P+4E) performance for gaming, streaming, and content creation. With a boost clock of 4.6 GHz and advanced cache architecture, it crushes demanding workloads. A top choice for any high-performance PC build.",Socket,Total Cores,Total Threads,Max Turbo,L3 Cache,TDP,LGA1700,10 (6P+4E),16,4.6 GHz,20MB,65W,2026-07-08T19:14:32.723Z
6a4ea19933535645d0238f69,Intel Core i3-13100F Desktop Processor,Intel,Processors,29500,33000,4.1,https://res.cloudinary.com/vgqckxmi/image/upload/v1783555327/fastcomputers/w1cvtnyy15cqmpxq9sas.avif,true,"The Intel Core i3-13100F Desktop Processor is a powerhouse desktop processor delivering 4 performance for gaming, streaming, and content creation. With a boost clock of 4.5 GHz and advanced cache architecture, it crushes demanding workloads. A top choice for any high-performance PC build.",Socket,Total Cores,Total Threads,Max Turbo,L3 Cache,TDP,LGA1700,4,8,4.5 GHz,12MB,58W,2026-07-08T19:14:32.723Z
6a4ea19933535645d0238f6a,AMD Ryzen 9 7950X3D Desktop Processor,AMD,Processors,175000,189000,4.4,https://res.cloudinary.com/vgqckxmi/image/upload/v1783555349/fastcomputers/ep5ycyb388pgvycjicxa.jpg,true,"The AMD Ryzen 9 7950X3D Desktop Processor is a powerhouse desktop processor delivering 16 / 32 performance for gaming, streaming, and content creation. With a boost clock of 5.7 GHz and advanced cache architecture, it crushes demanding workloads. A top choice for any high-performance PC build.",Socket,Cores / Threads,3D V-Cache,Boost Clock,Base Clock,TDP,AM5,16 / 32,128MB L3,5.7 GHz,4.2 GHz,120W,2026-07-08T19:14:32.723Z
6a4ea19933535645d0238f6b,AMD Ryzen 7 7800X3D Desktop Processor,AMD,Processors,128000,139000,4.5,https://res.cloudinary.com/vgqckxmi/image/upload/v1783555374/fastcomputers/oazid2gpkvgvarzoc31t.jpg,true,"The AMD Ryzen 7 7800X3D Desktop Processor is a powerhouse desktop processor delivering 8 / 16 performance for gaming, streaming, and content creation. With a boost clock of 5.0 GHz and advanced cache architecture, it crushes demanding workloads. A top choice for any high-performance PC build.",Socket,Cores / Threads,3D V-Cache,Boost Clock,Base Clock,TDP,AM5,8 / 16,96MB L3,5.0 GHz,4.2 GHz,120W,2026-07-08T19:14:32.723Z
6a4ea19933535645d0238f6c,AMD Ryzen 9 7900X Desktop Processor,AMD,Processors,109000,119000,4,https://res.cloudinary.com/vgqckxmi/image/upload/v1783555444/fastcomputers/vlxpbrzpnq864r46sdg8.jpg,true,"The AMD Ryzen 9 7900X Desktop Processor is a powerhouse desktop processor delivering 12 / 24 performance for gaming, streaming, and content creation. With a boost clock of 5.6 GHz and advanced cache architecture, it crushes demanding workloads. A top choice for any high-performance PC build.",Socket,Cores / Threads,Boost Clock,Base Clock,Total Cache,TDP,AM5,12 / 24,5.6 GHz,4.7 GHz,76MB,170W,2026-07-08T19:14:32.723Z
6a4ea19933535645d0238f6d,AMD Ryzen 5 7600X Desktop Processor,AMD,Processors,68000,75000,4.1,https://res.cloudinary.com/vgqckxmi/image/upload/v1783555404/fastcomputers/nyaxlu6abr2d9k6yvumc.jpg,true,"The AMD Ryzen 5 7600X Desktop Processor is a powerhouse desktop processor delivering 6 / 12 performance for gaming, streaming, and content creation. With a boost clock of 5.3 GHz and advanced cache architecture, it crushes demanding workloads. A top choice for any high-performance PC build.",Socket,Cores / Threads,Boost Clock,Base Clock,Total Cache,TDP,AM5,6 / 12,5.3 GHz,4.7 GHz,38MB,105W,2026-07-08T19:14:32.723Z
6a4ea19933535645d0238f6e,AMD Ryzen 5 5600X Desktop Processor,AMD,Processors,38999,42999,4.4,https://res.cloudinary.com/vgqckxmi/image/upload/v1783555423/fastcomputers/ft6jiurpz9k9wk8vwnc6.avif,true,"The AMD Ryzen 5 5600X Desktop Processor is a powerhouse desktop processor delivering 6 / 12 performance for gaming, streaming, and content creation. With a boost clock of 4.6 GHz and advanced cache architecture, it crushes demanding workloads. A top choice for any high-performance PC build.",Socket,Cores / Threads,Boost Clock,Base Clock,Total Cache,TDP,AM4,6 / 12,4.6 GHz,3.7 GHz,35MB,65W,2026-07-08T19:14:32.723Z
6a4ea19933535645d0238f6f,Corsair Dominator Titanium DDR5 32GB 6000MHz,Corsair,RAM,62000,68000,4.1,https://res.cloudinary.com/vgqckxmi/image/upload/v1783556031/fastcomputers/plymp06snlrweejsr9s9.jpg,true,"The Corsair Dominator Titanium DDR5 32GB 6000MHz is premium DDR5 memory designed for speed and reliability. Running at 6000 MHz with tight latency timings, it provides snappy system responsiveness for gaming, video editing, and multitasking. Corsair's quality assurance ensures long-term stability and compatibility.",Memory Type,Capacity,Speed,Latency,Voltage,RGB,DDR5,32GB (2x16GB),6000 MHz,CL30,1.4V,Dominator RGB,2026-07-08T19:14:32.723Z
6a4ea19933535645d0238f70,Kingston FURY Renegade DDR5 32GB 6400MHz,Kingston,RAM,39500,44000,4.9,https://res.cloudinary.com/vgqckxmi/image/upload/v1783556014/fastcomputers/envzlqiyzmihnkksecse.jpg,true,"The Kingston FURY Renegade DDR5 32GB 6400MHz is premium DDR5 memory designed for speed and reliability. Running at 6400 MHz with tight latency timings, it provides snappy system responsiveness for gaming, video editing, and multitasking. Kingston's quality assurance ensures long-term stability and compatibility.",Memory Type,Capacity,Speed,Latency,Voltage,XMP,DDR5,32GB (2x16GB),6400 MHz,CL32,1.4V,Intel XMP 3.0,2026-07-08T19:14:32.723Z
6a4ea19933535645d0238f71,G.Skill Trident Z5 RGB DDR5 32GB 6000MHz,G.Skill,RAM,45000,50000,4.9,https://res.cloudinary.com/vgqckxmi/image/upload/v1783555992/fastcomputers/cckwe6gqdmqkd8gjetkj.jpg,true,"The G.Skill Trident Z5 RGB DDR5 32GB 6000MHz is premium DDR5 memory designed for speed and reliability. Running at 6000 MHz with tight latency timings, it provides snappy system responsiveness for gaming, video editing, and multitasking. G.Skill's quality assurance ensures long-term stability and compatibility.",Memory Type,Capacity,Speed,Latency,RGB,Heatsink,DDR5,32GB (2x16GB),6000 MHz,CL36,Per-Key RGB,Aluminum Alloy,2026-07-08T19:14:32.723Z
6a4ea19933535645d0238f72,Team Group T-Force Delta RGB DDR5 32GB 5600MHz,Team Group,RAM,36000,40000,4.9,https://res.cloudinary.com/vgqckxmi/image/upload/v1783555974/fastcomputers/crnwqrs2r9qho0idlofv.jpg,true,"The Team Group T-Force Delta RGB DDR5 32GB 5600MHz is premium DDR5 memory designed for speed and reliability. Running at 5600 MHz with tight latency timings, it provides snappy system responsiveness for gaming, video editing, and multitasking. Team Group's quality assurance ensures long-term stability and compatibility.",Memory Type,Capacity,Speed,Latency,RGB,Voltage,DDR5,32GB (2x16GB),5600 MHz,CL36,Mirror RGB,1.25V,2026-07-08T19:14:32.723Z
6a4ea19933535645d0238f73,Crucial Pro DDR5 32GB 5600MHz Kit,Crucial,RAM,31000,35000,4.9,https://res.cloudinary.com/vgqckxmi/image/upload/v1783555951/fastcomputers/hhgkuzmytuad10yk6cuj.jpg,true,"The Crucial Pro DDR5 32GB 5600MHz Kit is premium DDR5 memory designed for speed and reliability. Running at 5600 MHz with tight latency timings, it provides snappy system responsiveness for gaming, video editing, and multitasking. Crucial's quality assurance ensures long-term stability and compatibility.",Memory Type,Capacity,Speed,Latency,Voltage,Profile,DDR5,32GB (2x16GB),5600 MHz,CL46,1.1V,XMP 3.0 / EXPO,2026-07-08T19:14:32.723Z
6a4ea19933535645d0238f74,Patriot Viper Venom ARGB DDR5 32GB 6000MHz,Patriot,RAM,38000,42000,4.9,https://res.cloudinary.com/vgqckxmi/image/upload/v1783555935/fastcomputers/evzlp4u0unp2pvcldce0.jpg,true,"The Patriot Viper Venom ARGB DDR5 32GB 6000MHz is premium DDR5 memory designed for speed and reliability. Running at 6000 MHz with tight latency timings, it provides snappy system responsiveness for gaming, video editing, and multitasking. Patriot's quality assurance ensures long-term stability and compatibility.",Memory Type,Capacity,Speed,Latency,RGB,Heatsink,DDR5,32GB (2x16GB),6000 MHz,CL36,ARGB Lighting,Dual-Tone,2026-07-08T19:14:32.723Z
6a4ea19933535645d0238f75,ADATA XPG Lancer RGB DDR5 32GB 6000MHz,ADATA,RAM,35000,39000,4.6,https://res.cloudinary.com/vgqckxmi/image/upload/v1783555915/fastcomputers/j9pta0tfxb2furcdraxc.webp,false,"The ADATA XPG Lancer RGB DDR5 32GB 6000MHz is premium DDR5 memory designed for speed and reliability. Running at 6000 MHz with tight latency timings, it provides snappy system responsiveness for gaming, video editing, and multitasking. ADATA's quality assurance ensures long-term stability and compatibility.",Memory Type,Capacity,Speed,Latency,RGB,Profile,DDR5,32GB (2x16GB),6000 MHz,CL30,ARGB Strip,XMP 3.0 / EXPO,2026-07-08T19:14:32.723Z
6a4ea19933535645d0238f76,PNY XLR8 Gaming EPIC-X DDR5 32GB 5600MHz,PNY,RAM,32000,36000,4.4,https://res.cloudinary.com/vgqckxmi/image/upload/v1783555894/fastcomputers/gezoubicq9lhkissjsvv.jpg,true,"The PNY XLR8 Gaming EPIC-X DDR5 32GB 5600MHz is premium DDR5 memory designed for speed and reliability. Running at 5600 MHz with tight latency timings, it provides snappy system responsiveness for gaming, video editing, and multitasking. PNY's quality assurance ensures long-term stability and compatibility.",Memory Type,Capacity,Speed,Latency,RGB,Profile,DDR5,32GB (2x16GB),5600 MHz,CL36,Dual Finned RGB,XMP 3.0,2026-07-08T19:14:32.723Z
6a4ea19933535645d0238f77,Thermaltake TOUGHRAM Z-ONE DDR4 16GB 3600MHz,Thermaltake,RAM,18500,21000,4.7,https://res.cloudinary.com/vgqckxmi/image/upload/v1783555865/fastcomputers/uwl5q11gqbi9w8whbolj.jpg,true,"The Thermaltake TOUGHRAM Z-ONE DDR4 16GB 3600MHz is premium DDR4 memory designed for speed and reliability. Running at 3600 MHz with tight latency timings, it provides snappy system responsiveness for gaming, video editing, and multitasking. Thermaltake's quality assurance ensures long-term stability and compatibility.",Memory Type,Capacity,Speed,Latency,Lighting,Voltage,DDR4,16GB (2x8GB),3600 MHz,CL18,White LED,1.35V,2026-07-08T19:14:32.723Z
6a4ea19933535645d0238f78,Mushkin Redline Lumina ARGB DDR4 32GB 3600MHz,Mushkin,RAM,24500,27500,4.2,https://res.cloudinary.com/vgqckxmi/image/upload/v1783555850/fastcomputers/b63jj9hirprrfzzrjprd.jpg,true,"The Mushkin Redline Lumina ARGB DDR4 32GB 3600MHz is premium DDR4 memory designed for speed and reliability. Running at 3600 MHz with tight latency timings, it provides snappy system responsiveness for gaming, video editing, and multitasking. Mushkin's quality assurance ensures long-term stability and compatibility.",Memory Type,Capacity,Speed,Latency,RGB,Voltage,DDR4,32GB (2x16GB),3600 MHz,CL16,ARGB,1.35V,2026-07-08T19:14:32.723Z
6a4ea19933535645d0238f79,Samsung 990 Pro 2TB NVMe PCIe 4.0 M.2 SSD,Samsung,SSDs,48900,53900,4,https://res.cloudinary.com/vgqckxmi/image/upload/v1783556529/fastcomputers/xkjcud6cadcpx2gzbsgm.jpg,true,"The Samsung 990 Pro 2TB NVMe PCIe 4.0 M.2 SSD is a blazing-fast NVMe SSD that transforms your storage performance. With sequential read speeds of 7,450 MB/s, games load instantly and applications launch in the blink of an eye. Built with Samsung's proven NAND flash technology for exceptional reliability and endurance.",Capacity,Interface,Seq Read,Seq Write,TBW,Form Factor,2TB,"PCIe Gen4 x4, NVMe 2.0","7,450 MB/s","6,900 MB/s","1,200 TBW",M.2 2280,2026-07-08T19:14:32.723Z
6a4ea19933535645d0238f7a,Kingston FURY Renegade 2TB NVMe M.2 SSD,Kingston,SSDs,42500,47500,4.9,https://res.cloudinary.com/vgqckxmi/image/upload/v1783556515/fastcomputers/kmtojgtb7283kdj4r93i.jpg,true,"The Kingston FURY Renegade 2TB NVMe M.2 SSD is a blazing-fast NVMe SSD that transforms your storage performance. With sequential read speeds of 7,300 MB/s, games load instantly and applications launch in the blink of an eye. Built with Kingston's proven NAND flash technology for exceptional reliability and endurance.",Capacity,Interface,Seq Read,Seq Write,TBW,Heatsink,2TB,"PCIe Gen4 x4, NVMe","7,300 MB/s","7,000 MB/s","2,000 TBW",Graphene Heatsink,2026-07-08T19:14:32.723Z
6a4ea19933535645d0238f7b,WD Black SN850X 2TB NVMe M.2 SSD,WD,SSDs,46000,51000,4.7,https://res.cloudinary.com/vgqckxmi/image/upload/v1783556499/fastcomputers/vs5c9aobj8achq8sgkng.jpg,true,"The WD Black SN850X 2TB NVMe M.2 SSD is a blazing-fast NVMe SSD that transforms your storage performance. With sequential read speeds of 7,300 MB/s, games load instantly and applications launch in the blink of an eye. Built with WD's proven NAND flash technology for exceptional reliability and endurance.",Capacity,Interface,Seq Read,Seq Write,Feature,Form Factor,2TB,"PCIe Gen4 x4, NVMe 1.4","7,300 MB/s","6,600 MB/s",Game Mode 2.0,M.2 2280,2026-07-08T19:14:32.723Z
6a4ea19933535645d0238f7c,Seagate FireCuda 530 2TB NVMe M.2 SSD,Seagate,SSDs,43000,48000,4.8,https://res.cloudinary.com/vgqckxmi/image/upload/v1783556483/fastcomputers/d2bmfbqwggavlcy6o7jk.jpg,false,"The Seagate FireCuda 530 2TB NVMe M.2 SSD is a blazing-fast NVMe SSD that transforms your storage performance. With sequential read speeds of 7,300 MB/s, games load instantly and applications launch in the blink of an eye. Built with Seagate's proven NAND flash technology for exceptional reliability and endurance.",Capacity,Interface,Seq Read,Seq Write,TBW,Form Factor,2TB,"PCIe Gen4 x4, NVMe 1.4","7,300 MB/s","6,900 MB/s","2,500 TBW",M.2 2280,2026-07-08T19:14:32.723Z
6a4ea19933535645d0238f7d,Crucial T700 2TB Gen5 NVMe M.2 SSD,Crucial,SSDs,52000,58000,4.8,https://res.cloudinary.com/vgqckxmi/image/upload/v1783556467/fastcomputers/tkckfuanhhpvesxegyul.webp,true,"The Crucial T700 2TB Gen5 NVMe M.2 SSD is a blazing-fast NVMe SSD that transforms your storage performance. With sequential read speeds of 12,400 MB/s, games load instantly and applications launch in the blink of an eye. Built with Crucial's proven NAND flash technology for exceptional reliability and endurance.",Capacity,Interface,Seq Read,Seq Write,TBW,Heatsink,2TB,"PCIe Gen5 x4, NVMe 2.0","12,400 MB/s","11,800 MB/s","1,200 TBW",Included,2026-07-08T19:14:32.723Z
6a4ea19933535645d0238f7e,SK Hynix Platinum P41 1TB NVMe M.2 SSD,SK Hynix,SSDs,27500,31000,4.9,https://res.cloudinary.com/vgqckxmi/image/upload/v1783556451/fastcomputers/yqdmqbrx2sre8dfp66uh.jpg,true,"The SK Hynix Platinum P41 1TB NVMe M.2 SSD is a blazing-fast NVMe SSD that transforms your storage performance. With sequential read speeds of 7,000 MB/s, games load instantly and applications launch in the blink of an eye. Built with SK Hynix's proven NAND flash technology for exceptional reliability and endurance.",Capacity,Interface,Seq Read,Seq Write,TBW,Form Factor,1TB,"PCIe Gen4 x4, NVMe 1.4","7,000 MB/s","6,500 MB/s",750 TBW,M.2 2280,2026-07-08T19:14:32.723Z
6a4ea19933535645d0238f7f,Sabrent Rocket 4 Plus 2TB NVMe M.2 SSD,Sabrent,SSDs,39000,44000,5,https://res.cloudinary.com/vgqckxmi/image/upload/v1783556433/fastcomputers/xraz2exnxlrz72lkteo5.jpg,true,"The Sabrent Rocket 4 Plus 2TB NVMe M.2 SSD is a blazing-fast NVMe SSD that transforms your storage performance. With sequential read speeds of 7,100 MB/s, games load instantly and applications launch in the blink of an eye. Built with Sabrent's proven NAND flash technology for exceptional reliability and endurance.",Capacity,Interface,Seq Read,Seq Write,Controller,Form Factor,2TB,"PCIe Gen4 x4, NVMe 1.4","7,100 MB/s","6,600 MB/s",Phison E18,M.2 2280,2026-07-08T19:14:32.723Z
6a4ea19933535645d0238f80,Corsair MP600 Pro LPX 1TB NVMe M.2 SSD,Corsair,SSDs,28000,32000,4.2,https://res.cloudinary.com/vgqckxmi/image/upload/v1783556416/fastcomputers/djahu9jcoxjnvbslonvr.jpg,true,"The Corsair MP600 Pro LPX 1TB NVMe M.2 SSD is a blazing-fast NVMe SSD that transforms your storage performance. With sequential read speeds of 7,100 MB/s, games load instantly and applications launch in the blink of an eye. Built with Corsair's proven NAND flash technology for exceptional reliability and endurance.",Capacity,Interface,Seq Read,Seq Write,Design,Form Factor,1TB,"PCIe Gen4 x4, NVMe 1.4","7,100 MB/s","5,800 MB/s",Low Profile 2280,M.2 2280,2026-07-08T19:14:32.723Z
6a4ea19933535645d0238f81,ADATA XPG Gammix S70 Blade 2TB NVMe SSD,ADATA,SSDs,38000,43000,4.9,https://res.cloudinary.com/vgqckxmi/image/upload/v1783556392/fastcomputers/liml2ytlurk6vqxxzh2m.jpg,true,"The ADATA XPG Gammix S70 Blade 2TB NVMe SSD is a blazing-fast NVMe SSD that transforms your storage performance. With sequential read speeds of 7,400 MB/s, games load instantly and applications launch in the blink of an eye. Built with ADATA's proven NAND flash technology for exceptional reliability and endurance.",Capacity,Interface,Seq Read,Seq Write,Controller,Heatsink,2TB,"PCIe Gen4 x4, NVMe 1.4","7,400 MB/s","6,700 MB/s",InnoGrit IG5236,Aluminum,2026-07-08T19:14:32.723Z
6a4ea19933535645d0238f82,Lexar NM790 2TB NVMe PCIe 4.0 M.2 SSD,Lexar,SSDs,31000,35000,4.9,https://res.cloudinary.com/vgqckxmi/image/upload/v1783556376/fastcomputers/gqunw9bb5hiop8q53j1g.jpg,true,"The Lexar NM790 2TB NVMe PCIe 4.0 M.2 SSD is a blazing-fast NVMe SSD that transforms your storage performance. With sequential read speeds of 7,400 MB/s, games load instantly and applications launch in the blink of an eye. Built with Lexar's proven NAND flash technology for exceptional reliability and endurance.",Capacity,Interface,Seq Read,Seq Write,TBW,Form Factor,2TB,"PCIe Gen4 x4, NVMe 1.4","7,400 MB/s","6,500 MB/s","1,500 TBW",M.2 2280,2026-07-08T19:14:32.723Z
6a4ea19933535645d0238f83,Logitech G Pro X Superlight 2 DEX Wireless,Logitech,Mice,34999,38999,4.8,https://res.cloudinary.com/vgqckxmi/image/upload/v1783553408/fastcomputers/lcfr2c0zr8ae1nvglf4j.avif,false,"The Logitech G Pro X Superlight 2 DEX Wireless is a precision gaming mouse engineered for competitive play. Featuring a HERO 2 Optical sensor with adjustable DPI, it tracks every movement with pixel-perfect accuracy. Logitech's ergonomic design ensures comfort during marathon gaming sessions.",Sensor,DPI,Weight,Polling Rate,Battery,Connectivity,HERO 2 Optical,"100-32,000 DPI",60g,2000Hz,95 Hours,LIGHTSPEED,2026-07-08T19:14:32.723Z
6a4ea19933535645d0238f84,Razer DeathAdder V3 Pro Wireless Gaming Mouse,Razer,Mice,37500,41500,5,https://res.cloudinary.com/vgqckxmi/image/upload/v1783553392/fastcomputers/trwu7wgorcwc7lbjag4p.webp,true,"The Razer DeathAdder V3 Pro Wireless Gaming Mouse is a precision gaming mouse engineered for competitive play. Featuring a Focus Pro 30K Optical sensor with adjustable DPI, it tracks every movement with pixel-perfect accuracy. Razer's ergonomic design ensures comfort during marathon gaming sessions.",Sensor,Weight,Polling Rate,Battery,Buttons,Connectivity,Focus Pro 30K Optical,63g,8000Hz,90 Hours,5 Programmable,HyperSpeed,2026-07-08T19:14:32.723Z
6a4ea19933535645d0238f85,Corsair M75 Air Wireless Gaming Mouse,Corsair,Mice,28000,32000,4.7,https://res.cloudinary.com/vgqckxmi/image/upload/v1783552984/fastcomputers/cnqinov3nnisv1zjfin6.jpg,true,"The Corsair M75 Air Wireless Gaming Mouse is a precision gaming mouse engineered for competitive play. Featuring a Marksman 26K Optical sensor with adjustable DPI, it tracks every movement with pixel-perfect accuracy. Corsair's ergonomic design ensures comfort during marathon gaming sessions.",Sensor,Weight,Battery,Polling Rate,Buttons,Connectivity,Marksman 26K Optical,60g,75 Hours,2000Hz,7 Programmable,Slipstream,2026-07-08T19:14:32.724Z
6a4ea19933535645d0238f86,SteelSeries Prime Wireless Gaming Mouse,SteelSeries,Mice,22500,26000,4.8,https://res.cloudinary.com/vgqckxmi/image/upload/v1783552999/fastcomputers/zgbqwdib31cj5gi2393b.jpg,true,"The SteelSeries Prime Wireless Gaming Mouse is a precision gaming mouse engineered for competitive play. Featuring a TrueMove Air Optical sensor with adjustable DPI, it tracks every movement with pixel-perfect accuracy. SteelSeries's ergonomic design ensures comfort during marathon gaming sessions.",Sensor,Weight,Battery,Polling Rate,Buttons,Shape,TrueMove Air Optical,80g,100 Hours,1000Hz,6 Programmable,Symmetrical,2026-07-08T19:14:32.724Z
6a4ea19933535645d0238f87,Roccat Kone Pro Air Wireless Gaming Mouse,Roccat,Mice,24000,27500,4.9,https://res.cloudinary.com/vgqckxmi/image/upload/v1783553016/fastcomputers/u3bsellbzwep7pnwlljo.jpg,false,"The Roccat Kone Pro Air Wireless Gaming Mouse is a precision gaming mouse engineered for competitive play. Featuring a Owl-Eye 19K Optical sensor with adjustable DPI, it tracks every movement with pixel-perfect accuracy. Roccat's ergonomic design ensures comfort during marathon gaming sessions.",Sensor,Weight,Battery,Polling Rate,RGB,Connectivity,Owl-Eye 19K Optical,75g,100 Hours,1000Hz,ARGB Lighting,2.4GHz / BT,2026-07-08T19:14:32.724Z
6a4ea19933535645d0238f88,HyperX Pulsefire Haste 2 Wireless Mouse,HyperX,Mice,18500,21000,4.7,https://res.cloudinary.com/vgqckxmi/image/upload/v1783553039/fastcomputers/wjcydxe55v2pztr3ag7r.jpg,true,"The HyperX Pulsefire Haste 2 Wireless Mouse is a precision gaming mouse engineered for competitive play. Featuring a Pixart PAW3395 sensor with adjustable DPI, it tracks every movement with pixel-perfect accuracy. HyperX's ergonomic design ensures comfort during marathon gaming sessions.",Sensor,Weight,Battery,DPI,Design,Connectivity,Pixart PAW3395,61g,100 Hours,"Up to 26,000 DPI",Ultralight Hex Shell,2.4GHz,2026-07-08T19:14:32.724Z
6a4ea19933535645d0238f89,Finalmouse UltralightX Wireless Gaming Mouse,Finalmouse,Mice,55000,60000,4.8,https://res.cloudinary.com/vgqckxmi/image/upload/v1783553057/fastcomputers/ourh2hnmeg2kunvvk1d9.jpg,true,"The Finalmouse UltralightX Wireless Gaming Mouse is a precision gaming mouse engineered for competitive play. Featuring a Pixart PAW3395 sensor with adjustable DPI, it tracks every movement with pixel-perfect accuracy. Finalmouse's ergonomic design ensures comfort during marathon gaming sessions.",Sensor,Weight,DPI,Polling Rate,Battery,Connection,Pixart PAW3395,29g Carbon Fiber,"Up to 26,000 DPI",8000Hz Wireless,40 Hours,2.4GHz / Wired,2026-07-08T19:14:32.724Z
6a4ea19933535645d0238f8a,Zowie EC2-C Ergonomic Wired Gaming Mouse,Zowie,Mice,16000,18500,4.9,https://res.cloudinary.com/vgqckxmi/image/upload/v1783553347/fastcomputers/hvrcexr3w4ihsk1iaktv.webp,true,"The Zowie EC2-C Ergonomic Wired Gaming Mouse is a precision gaming mouse engineered for competitive play. Featuring a 3610 Optical sensor with adjustable DPI, it tracks every movement with pixel-perfect accuracy. Zowie's ergonomic design ensures comfort during marathon gaming sessions.",Sensor,DPI,Weight,Polling Rate,Buttons,Design,3610 Optical,400-3200 DPI,73g,1000Hz,5,Ergonomic Right-hand,2026-07-08T19:14:32.724Z
6a4ea19933535645d0238f8b,Glorious Model O 2 Wireless Gaming Mouse,Glorious,Mice,19500,22500,4.5,https://res.cloudinary.com/vgqckxmi/image/upload/v1783553376/fastcomputers/vxt75cpt4qpnhawjvsqi.jpg,true,"The Glorious Model O 2 Wireless Gaming Mouse is a precision gaming mouse engineered for competitive play. Featuring a Bamf 2.0 26K Optical sensor with adjustable DPI, it tracks every movement with pixel-perfect accuracy. Glorious's ergonomic design ensures comfort during marathon gaming sessions.",Sensor,Weight,Battery,DPI,Polling Rate,Connectivity,Bamf 2.0 26K Optical,68g,75 Hours,"Up to 26,000 DPI",2000Hz,2.4GHz,2026-07-08T19:14:32.724Z
6a4ea19933535645d0238f8c,Pulsar X2 Wireless Symmetrical Gaming Mouse,Pulsar,Mice,21000,24000,4.3,https://res.cloudinary.com/vgqckxmi/image/upload/v1783553361/fastcomputers/cyaresumzbdmowgsebc0.webp,true,"The Pulsar X2 Wireless Symmetrical Gaming Mouse is a precision gaming mouse engineered for competitive play. Featuring a PixArt PAW3395 sensor with adjustable DPI, it tracks every movement with pixel-perfect accuracy. Pulsar's ergonomic design ensures comfort during marathon gaming sessions.",Sensor,Weight,Battery,DPI,Polling Rate,Cable,PixArt PAW3395,55g,70 Hours,"Up to 26,000 DPI",1000Hz,Ultralight Paracord,2026-07-08T19:14:32.724Z
6a4ea19933535645d0238f8d,HyperX Cloud Alpha Wireless Gaming Headset,HyperX,Headsets,44000,49000,4.4,https://res.cloudinary.com/vgqckxmi/image/upload/v1783550813/fastcomputers/sgc7mvfojgu0l31wgqri.jpg,false,"The HyperX Cloud Alpha Wireless Gaming Headset is a premium gaming headset that puts you right in the middle of the action. Featuring 50mm Dual Chamber drivers and DTS Headphone:X Spatial sound, every footstep and explosion comes through crystal clear. The 2.4GHz Wireless connectivity ensures compatibility across all your devices.",Driver,Battery,Audio,Connectivity,Mic,Weight,50mm Dual Chamber,300 Hours,DTS Headphone:X Spatial,2.4GHz Wireless,Detachable Noise-Cancel,335g,2026-07-08T19:14:32.724Z
6a4ea19933535645d0238f8e,Razer BlackShark V2 Pro Wireless 2023 Edition,Razer,Headsets,48900,53900,4.3,https://res.cloudinary.com/vgqckxmi/image/upload/v1783550835/fastcomputers/xg0pinqyc8y8f9rjgbzh.jpg,true,"The Razer BlackShark V2 Pro Wireless 2023 Edition is a premium gaming headset that puts you right in the middle of the action. Featuring 50mm TriForce Titanium drivers and THX Spatial Audio sound, every footstep and explosion comes through crystal clear. The HyperSpeed / BT / 3.5mm connectivity ensures compatibility across all your devices.",Driver,Mic,Connectivity,Battery,Sound,Weight,50mm TriForce Titanium,Super Wideband Mic,HyperSpeed / BT / 3.5mm,70 Hours,THX Spatial Audio,320g,2026-07-08T19:14:32.724Z
6a4ea19933535645d0238f8f,Corsair Virtuoso RGB Wireless XT Hi-Fi Headset,Corsair,Headsets,62000,68000,4.6,https://res.cloudinary.com/vgqckxmi/image/upload/v1783550854/fastcomputers/s3x65zlsu7wc8arjfcma.jpg,true,"The Corsair Virtuoso RGB Wireless XT Hi-Fi Headset is a premium gaming headset that puts you right in the middle of the action. Featuring 50mm Neodymium drivers and Dolby Atmos sound, every footstep and explosion comes through crystal clear. The Slipstream / BT / USB / 3.5mm connectivity ensures compatibility across all your devices.",Driver,Freq Range,Connectivity,Mic,Battery,Audio,50mm Neodymium,10Hz-40kHz Hi-Res,Slipstream / BT / USB / 3.5mm,Broadcast-Grade Detachable,20 Hours,Dolby Atmos,2026-07-08T19:14:32.724Z
6a4ea19933535645d0238f90,Logitech G PRO X 2 Lightspeed Wireless Headset,Logitech,Headsets,58000,64000,4.5,https://res.cloudinary.com/vgqckxmi/image/upload/v1783550879/fastcomputers/wveosk92nxlbzgrqlfdz.jpg,true,"The Logitech G PRO X 2 Lightspeed Wireless Headset is a premium gaming headset that puts you right in the middle of the action. Featuring 50mm Graphene Drivers drivers and 3D spatial sound, every footstep and explosion comes through crystal clear. The Lightspeed / BT / 3.5mm connectivity ensures compatibility across all your devices.",Driver,Connectivity,Battery,Mic,Software,Weight,50mm Graphene Drivers,Lightspeed / BT / 3.5mm,50 Hours,Blue VO!CE Detachable,iCUE Equalizer,345g,2026-07-08T19:14:32.724Z
6a4ea19933535645d0238f91,SteelSeries Arctis Nova Pro Wireless Headset,SteelSeries,Headsets,75000,82000,4.2,https://res.cloudinary.com/vgqckxmi/image/upload/v1783550794/fastcomputers/d8kp6owtaca8m0e9oeme.webp,true,"The SteelSeries Arctis Nova Pro Wireless Headset is a premium gaming headset that puts you right in the middle of the action. Featuring 40mm High Fidelity drivers and 360° Spatial Audio sound, every footstep and explosion comes through crystal clear. The 2.4GHz + Bluetooth 5.0 connectivity ensures compatibility across all your devices.",Driver,Battery,Connectivity,Mic,Audio,Weight,40mm High Fidelity,Dual Hot-Swap Batteries,2.4GHz + Bluetooth 5.0,Retractable ClearCast Gen2,360° Spatial Audio,338g,2026-07-08T19:14:32.724Z
6a4ea19933535645d0238f92,Astro A50 X Wireless Gaming Headset + Base,Astro,Headsets,95000,105000,5,https://res.cloudinary.com/vgqckxmi/image/upload/v1783550601/fastcomputers/lavqnwaseddpe86axul8.jpg,true,"The Astro A50 X Wireless Gaming Headset + Base is a premium gaming headset that puts you right in the middle of the action. Featuring 40mm ASTRO Audio V2 drivers and 3D spatial sound, every footstep and explosion comes through crystal clear. The Dolby Wireless + Dock connectivity ensures compatibility across all your devices.",Driver,Base Station,Connectivity,Mic,Platform,Battery,40mm ASTRO Audio V2,Multi-device Dock,Dolby Wireless + Dock,Flip-to-mute Unidirectional,PC / PS5 / Xbox,18 Hours,2026-07-08T19:14:32.724Z
6a4ea19933535645d0238f93,JBL Quantum 910 Wireless Gaming Headset,JBL,Headsets,42000,47000,4.3,https://res.cloudinary.com/vgqckxmi/image/upload/v1783550538/fastcomputers/jt1va3kplbxe2556tqdl.webp,false,"The JBL Quantum 910 Wireless Gaming Headset is a premium gaming headset that puts you right in the middle of the action. Featuring 40mm JBL Quantum drivers and 3D spatial sound, every footstep and explosion comes through crystal clear. The 2.4GHz / BT / 3.5mm connectivity ensures compatibility across all your devices.",Driver,Spatial,Connectivity,ANC,Battery,Mic,40mm JBL Quantum,Quantum Sphere 360 Audio,2.4GHz / BT / 3.5mm,Adaptive ANC,40 Hours,Detachable Boom,2026-07-08T19:14:32.724Z
6a4ea19933535645d0238f94,Sony INZONE H9 Wireless Noise Cancelling Headset,Sony,Headsets,68000,75000,4.1,https://res.cloudinary.com/vgqckxmi/image/upload/v1783550551/fastcomputers/fguazkorazwlh1yaauhn.jpg,true,"The Sony INZONE H9 Wireless Noise Cancelling Headset is a premium gaming headset that puts you right in the middle of the action. Featuring 40mm Dynamic drivers and 3D spatial sound, every footstep and explosion comes through crystal clear. The 2.4GHz / Bluetooth 5.0 connectivity ensures compatibility across all your devices.",Driver,ANC,Connectivity,Battery,Spatial,Mic,40mm Dynamic,Dual Noise Sensor ANC,2.4GHz / Bluetooth 5.0,32 Hours,360 Spatial Sound,Built-in Mic Array,2026-07-08T19:14:32.724Z
6a4ea19933535645d0238f95,Turtle Beach Stealth Pro Wireless Headset,Turtle Beach,Headsets,55000,62000,4.8,https://res.cloudinary.com/vgqckxmi/image/upload/v1783550566/fastcomputers/k3ses2v50jpye1nyuwuv.jpg,true,"The Turtle Beach Stealth Pro Wireless Headset is a premium gaming headset that puts you right in the middle of the action. Featuring 50mm Nanoclear Drivers drivers and 3D spatial sound, every footstep and explosion comes through crystal clear. The 2.4GHz / Bluetooth connectivity ensures compatibility across all your devices.",Driver,ANC,Battery,Connectivity,Platform,Weight,50mm Nanoclear Drivers,Active Noise Cancellation,2 x 12hr Hot-Swap,2.4GHz / Bluetooth,Multi-platform,351g,2026-07-08T19:14:32.724Z
6a4ea19933535645d0238f96,Creative SXFI Air Carbon USB Gaming Headset,Creative,Headsets,18000,21000,4,https://res.cloudinary.com/vgqckxmi/image/upload/v1783550583/fastcomputers/clyrttv8ebhs0c8trztz.webp,true,"The Creative SXFI Air Carbon USB Gaming Headset is a premium gaming headset that puts you right in the middle of the action. Featuring 50mm Full-spectrum drivers and Super X-Fi SXFI Tech sound, every footstep and explosion comes through crystal clear. The USB / 3.5mm / Bluetooth connectivity ensures compatibility across all your devices.",Driver,Audio,Connectivity,Mic,Battery,Weight,50mm Full-spectrum,Super X-Fi SXFI Tech,USB / 3.5mm / Bluetooth,ClearComms Detachable,10 Hours BT,275g,2026-07-08T19:14:32.724Z
6a4ea19933535645d0238f97,Razer BlackWidow V4 Pro Full-Size Mechanical,Razer,Keyboards,28999,32999,4.4,https://res.cloudinary.com/vgqckxmi/image/upload/v1783551810/fastcomputers/zgkcbjbnsun9zmesp7gk.jpg,true,"The Razer BlackWidow V4 Pro Full-Size Mechanical is a mechanical gaming keyboard built for speed and precision. Powered by Razer Green Tactile Clicky switches and featuring RGB backlighting, it delivers a satisfying and accurate typing experience. Razer's build quality ensures it will withstand tens of millions of keystrokes without missing a beat.",Switches,Layout,RGB,Wrist Rest,Polling Rate,Connection,Razer Green Tactile Clicky,Full Size 104-key,Chroma Per-Key + Underglow,Magnetic Plush,8000Hz,USB-C Wired,2026-07-08T19:14:32.724Z
6a4ea19933535645d0238f98,Corsair K100 RGB Flagship Mechanical Keyboard,Corsair,Keyboards,54000,59000,5,https://res.cloudinary.com/vgqckxmi/image/upload/v1783551825/fastcomputers/rgqt52k8y6abnpwtz1ub.webp,true,"The Corsair K100 RGB Flagship Mechanical Keyboard is a mechanical gaming keyboard built for speed and precision. Powered by Cherry MX Speed Silver switches and featuring RGB backlighting, it delivers a satisfying and accurate typing experience. Corsair's build quality ensures it will withstand tens of millions of keystrokes without missing a beat.",Switches,Layout,Control,Polling Rate,Frame,RGB,Cherry MX Speed Silver,Full Size + OPX Optical,iCUE Control Wheel,8000Hz AXON,Anodized Aluminum,Per-Key Lightsync,2026-07-08T19:14:32.724Z
6a4ea19933535645d0238f99,Logitech G915 TKL Lightspeed Wireless Keyboard,Logitech,Keyboards,46000,51000,4.4,https://res.cloudinary.com/vgqckxmi/image/upload/v1783551843/fastcomputers/couxwx9npidlsccstxat.jpg,true,"The Logitech G915 TKL Lightspeed Wireless Keyboard is a mechanical gaming keyboard built for speed and precision. Powered by Low Profile GL Tactile switches and featuring RGB backlighting, it delivers a satisfying and accurate typing experience. Logitech's build quality ensures it will withstand tens of millions of keystrokes without missing a beat.",Switches,Layout,Connectivity,Battery,RGB,Thickness,Low Profile GL Tactile,TKL (Tenkeyless),Lightspeed / Bluetooth,40 Hours,Lightsync Per-Key,22mm Ultra-thin,2026-07-08T19:14:32.724Z
6a4ea19933535645d0238f9a,SteelSeries Apex Pro TKL Wireless 2023,SteelSeries,Keyboards,52000,58000,4.2,https://res.cloudinary.com/vgqckxmi/image/upload/v1783551862/fastcomputers/smllhjqqmooipaqxngkz.png,false,"The SteelSeries Apex Pro TKL Wireless 2023 is a mechanical gaming keyboard built for speed and precision. Powered by OmniPoint 2.0 Adjustable Mag switches and featuring RGB backlighting, it delivers a satisfying and accurate typing experience. SteelSeries's build quality ensures it will withstand tens of millions of keystrokes without missing a beat.",Switches,Layout,Actuation,Connectivity,Battery,Display,OmniPoint 2.0 Adjustable Mag,TKL Compact,0.1-4.0mm Adjustable,2.4GHz / Wired USB-C,40 Hours,OLED Smart Display,2026-07-08T19:14:32.724Z
6a4ea19933535645d0238f9b,HyperX Alloy Origins 65 Compact Mechanical,HyperX,Keyboards,21000,24000,4.1,https://res.cloudinary.com/vgqckxmi/image/upload/v1783551882/fastcomputers/q7zfe1qybkmsoaxiubv5.jpg,true,"The HyperX Alloy Origins 65 Compact Mechanical is a mechanical gaming keyboard built for speed and precision. Powered by HyperX Red Linear switches and featuring RGB backlighting, it delivers a satisfying and accurate typing experience. HyperX's build quality ensures it will withstand tens of millions of keystrokes without missing a beat.",Switches,Layout,Build,RGB,Polling Rate,Connection,HyperX Red Linear,65% Compact (68 Keys),CNC Aluminum Body,Per-Key RGB,1000Hz,Detachable USB-C,2026-07-08T19:14:32.724Z
6a4ea19933535645d0238f9c,Wooting 60HE+ Hall Effect Gaming Keyboard,Wooting,Keyboards,58000,65000,4.1,https://res.cloudinary.com/vgqckxmi/image/upload/v1783552134/fastcomputers/lwhfapaus3j6mqh7udoh.jpg,true,"The Wooting 60HE+ Hall Effect Gaming Keyboard is a mechanical gaming keyboard built for speed and precision. Powered by Lekker Linear Hall Effect switches and featuring RGB backlighting, it delivers a satisfying and accurate typing experience. Wooting's build quality ensures it will withstand tens of millions of keystrokes without missing a beat.",Switches,Layout,Actuation,Polling Rate,Build,RGB,Lekker Linear Hall Effect,60% Compact Layout,0.1-4.0mm Adjustable,1000Hz,Steel Plate + ABS Case,Per-Key RGB,2026-07-08T19:14:32.724Z
6a4ea19933535645d0238f9d,Ducky One 3 TKL Hot-swap Mechanical Keyboard,Ducky,Keyboards,32000,36000,4.5,https://res.cloudinary.com/vgqckxmi/image/upload/v1783552155/fastcomputers/egos1uitut6wqh1kbhnm.webp,true,"The Ducky One 3 TKL Hot-swap Mechanical Keyboard is a mechanical gaming keyboard built for speed and precision. Powered by Cherry MX Red (Hot-Swap PCB) switches and featuring RGB backlighting, it delivers a satisfying and accurate typing experience. Ducky's build quality ensures it will withstand tens of millions of keystrokes without missing a beat.",Switches,Layout,Keycaps,Frame,Layer,RGB,Cherry MX Red (Hot-Swap PCB),TKL 87 Keys,PBT Double-shot,Aluminum Top Mount,Silicone Dampening,Per-Key RGB,2026-07-08T19:14:32.724Z
6a4ea19933535645d0238f9e,Keychron Q1 Pro QMK Wireless 75% Mechanical,Keychron,Keyboards,28000,32000,4.5,https://res.cloudinary.com/vgqckxmi/image/upload/v1783552171/fastcomputers/jsgwmu8m09bx7srxa45f.jpg,true,"The Keychron Q1 Pro QMK Wireless 75% Mechanical is a mechanical gaming keyboard built for speed and precision. Powered by Gateron G Pro Red (Hot-Swap) switches and featuring RGB backlighting, it delivers a satisfying and accurate typing experience. Keychron's build quality ensures it will withstand tens of millions of keystrokes without missing a beat.",Switches,Layout,Connectivity,Build,PCB,Battery,Gateron G Pro Red (Hot-Swap),75% Layout (81 Keys),Bluetooth 5.1 / USB-C,CNC Aluminum Body,QMK / VIA Programmable,4000mAh,2026-07-08T19:14:32.724Z
6a4ea19933535645d0238f9f,Fnatic Streak65 LP Compact Wireless Keyboard,Fnatic,Keyboards,24000,28000,4.6,https://res.cloudinary.com/vgqckxmi/image/upload/v1783552187/fastcomputers/h5nlpxs0hvhwtz4f4vuv.jpg,true,"The Fnatic Streak65 LP Compact Wireless Keyboard is a mechanical gaming keyboard built for speed and precision. Powered by Low Profile Red Linear switches and featuring RGB backlighting, it delivers a satisfying and accurate typing experience. Fnatic's build quality ensures it will withstand tens of millions of keystrokes without missing a beat.",Switches,Layout,Connectivity,Battery,Actuation,Keycaps,Low Profile Red Linear,65% Compact,2.4GHz / BT / Wired,8000mAh,1.5mm Low Profile,ABS Double-shot,2026-07-08T19:14:32.724Z
6a4ea19933535645d0238fa0,Roccat Vulcan II Max Full-size Optical Keyboard,Roccat,Keyboards,38000,43000,4.3,https://res.cloudinary.com/vgqckxmi/image/upload/v1783552203/fastcomputers/lgaqpqlxfg3hcotqahsz.jpg,true,"The Roccat Vulcan II Max Full-size Optical Keyboard is a mechanical gaming keyboard built for speed and precision. Powered by Titan II Optical Linear switches and featuring RGB backlighting, it delivers a satisfying and accurate typing experience. Roccat's build quality ensures it will withstand tens of millions of keystrokes without missing a beat.",Switches,Layout,RGB,Actuation,Polling Rate,Wrist Rest,Titan II Optical Linear,Full Size 104-key,ARGB Transparent Housing,1.4mm Optical,1000Hz,Magnetic Detachable,2026-07-08T19:14:32.724Z
6a4ea19933535645d0238fa1,"LG UltraGear 27GP850-B 27"" QHD Nano IPS 180Hz",LG,Monitors,95000,105000,5,https://res.cloudinary.com/vgqckxmi/image/upload/v1783553820/fastcomputers/uors9ypay5dggyrjuizg.jpg,true,"The LG UltraGear 27GP850-B 27"" QHD Nano IPS 180Hz delivers stunning visuals with its Nano IPS panel and 2560x1440 QHD display. With 180Hz OC / 1ms GtG for silky-smooth gameplay and ultra-low response times, it's the perfect display for both competitive gaming and creative work.",Screen,Panel,Resolution,Refresh Rate,HDR,Sync,27 inches,Nano IPS,2560x1440 QHD,180Hz OC / 1ms GtG,DisplayHDR 400,G-Sync Compatible + FreeSync,2026-07-08T19:14:32.724Z
6a4ea19933535645d0238fa2,"ASUS ROG Swift PG27AQDM 27"" OLED QHD 240Hz",ASUS,Monitors,265000,290000,4.5,https://res.cloudinary.com/vgqckxmi/image/upload/v1783553836/fastcomputers/ebxbjdii2sdov0nmcut1.jpg,true,"The ASUS ROG Swift PG27AQDM 27"" OLED QHD 240Hz delivers stunning visuals with its WOLED Panel panel and 2560x1440 QHD display. With 240Hz / 0.03ms GtG for silky-smooth gameplay and ultra-low response times, it's the perfect display for both competitive gaming and creative work.",Screen,Panel,Resolution,Refresh Rate,HDR,Peak Brightness,27 inches,WOLED Panel,2560x1440 QHD,240Hz / 0.03ms GtG,DisplayHDR True Black 400,1000 nits,2026-07-08T19:14:32.724Z
6a4ea19933535645d0238fa3,"Acer Predator X34 V 34"" Curved OLED UW-QHD",Acer,Monitors,285000,310000,4.6,https://res.cloudinary.com/vgqckxmi/image/upload/v1783553853/fastcomputers/kazbtofvvi5eijjvktas.jpg,true,"The Acer Predator X34 V 34"" Curved OLED UW-QHD delivers stunning visuals with its OLED panel and 3440x1440 UW-QHD display. With 175Hz / 0.1ms GtG for silky-smooth gameplay and ultra-low response times, it's the perfect display for both competitive gaming and creative work.",Screen,Panel,Resolution,Refresh Rate,HDR,Sync,"34"" 1800R Curved",OLED,3440x1440 UW-QHD,175Hz / 0.1ms GtG,DisplayHDR True Black 400,G-Sync Ultimate,2026-07-08T19:14:32.724Z
6a4ea19933535645d0238fa4,"Samsung Odyssey Neo G7 32"" 4K Mini-LED 165Hz",Samsung,Monitors,185000,205000,4.1,https://res.cloudinary.com/vgqckxmi/image/upload/v1783553871/fastcomputers/alg5jcqt1f3ry3cl0vz9.jpg,true,"The Samsung Odyssey Neo G7 32"" 4K Mini-LED 165Hz delivers stunning visuals with its VA Mini-LED panel and 3840x2160 4K UHD display. With 165Hz / 1ms GtG for silky-smooth gameplay and ultra-low response times, it's the perfect display for both competitive gaming and creative work.",Screen,Panel,Resolution,Refresh Rate,HDR,Sync,32 inches,VA Mini-LED,3840x2160 4K UHD,165Hz / 1ms GtG,DisplayHDR 2000,FreeSync Premium Pro,2026-07-08T19:14:32.724Z
6a4ea19933535645d0238fa5,"MSI MAG274QRF-QD 27"" Rapid IPS QHD 165Hz",MSI,Monitors,98000,110000,4.9,https://res.cloudinary.com/vgqckxmi/image/upload/v1783553890/fastcomputers/d1qccynrtsflzbuwfrlt.jpg,true,"The MSI MAG274QRF-QD 27"" Rapid IPS QHD 165Hz delivers stunning visuals with its Rapid IPS + Quantum Dot panel and 2560x1440 QHD display. With 165Hz / 1ms GtG for silky-smooth gameplay and ultra-low response times, it's the perfect display for both competitive gaming and creative work.",Screen,Panel,Resolution,Refresh Rate,Colors,Sync,27 inches,Rapid IPS + Quantum Dot,2560x1440 QHD,165Hz / 1ms GtG,DCI-P3 98%,FreeSync Premium,2026-07-08T19:14:32.724Z
6a4ea19933535645d0238fa6,"Dell Alienware AW2724DM 27"" QHD Fast IPS 165Hz",Dell,Monitors,120000,135000,4.5,https://res.cloudinary.com/vgqckxmi/image/upload/v1783553906/fastcomputers/us3wozmvwyzzksrh2mgu.jpg,false,"The Dell Alienware AW2724DM 27"" QHD Fast IPS 165Hz delivers stunning visuals with its Fast IPS panel and 2560x1440 QHD display. With 165Hz / 1ms GtG for silky-smooth gameplay and ultra-low response times, it's the perfect display for both competitive gaming and creative work.",Screen,Panel,Resolution,Refresh Rate,HDR,Sync,27 inches,Fast IPS,2560x1440 QHD,165Hz / 1ms GtG,DisplayHDR 600,G-Sync Compatible,2026-07-08T19:14:32.724Z
6a4ea19933535645d0238fa7,"BenQ MOBIUZ EX2710Q 27"" IPS QHD 165Hz",BenQ,Monitors,85000,95000,4.4,https://res.cloudinary.com/vgqckxmi/image/upload/v1783553941/fastcomputers/focwytu5uxqtjugqbqd8.jpg,false,"The BenQ MOBIUZ EX2710Q 27"" IPS QHD 165Hz delivers stunning visuals with its IPS Panel panel and 2560x1440 QHD display. With 165Hz / 1ms GtG for silky-smooth gameplay and ultra-low response times, it's the perfect display for both competitive gaming and creative work.",Screen,Panel,Resolution,Refresh Rate,Sound,Feature,27 inches,IPS Panel,2560x1440 QHD,165Hz / 1ms GtG,2.1ch treVolo Speakers,HDRi Intelligence,2026-07-08T19:14:32.724Z
6a4ea19933535645d0238fa8,"Gigabyte M27Q X 27"" IPS QHD 240Hz KVM Monitor",Gigabyte,Monitors,110000,122000,4.8,https://res.cloudinary.com/vgqckxmi/image/upload/v1783553965/fastcomputers/zg4tq7zppic6adyhig3z.jpg,true,"The Gigabyte M27Q X 27"" IPS QHD 240Hz KVM Monitor delivers stunning visuals with its SS IPS Panel panel and 2560x1440 QHD display. With 240Hz / 0.5ms GtG for silky-smooth gameplay and ultra-low response times, it's the perfect display for both competitive gaming and creative work.",Screen,Panel,Resolution,Refresh Rate,KVM,Sync,27 inches,SS IPS Panel,2560x1440 QHD,240Hz / 0.5ms GtG,Built-in KVM Switch,FreeSync Premium + G-Sync,2026-07-08T19:14:32.724Z
6a4ea19933535645d0238fa9,"Philips Evnia 27M2C5500W 27"" OLED QHD 240Hz",Philips,Monitors,175000,195000,4.9,https://res.cloudinary.com/vgqckxmi/image/upload/v1783553983/fastcomputers/m86yov9lbf8lrlpofzc3.jpg,false,"The Philips Evnia 27M2C5500W 27"" OLED QHD 240Hz delivers stunning visuals with its OLED Panel panel and 2560x1440 QHD display. With 240Hz / 0.03ms GtG for silky-smooth gameplay and ultra-low response times, it's the perfect display for both competitive gaming and creative work.",Screen,Panel,Resolution,Refresh Rate,Ambiglow,HDR,27 inches,OLED Panel,2560x1440 QHD,240Hz / 0.03ms GtG,Philips Ambiglow RGB,DisplayHDR True Black 400,2026-07-08T19:14:32.724Z
6a4ea19933535645d0238faa,"ViewSonic XG2431 24"" Fast IPS FHD 240Hz ESPORTS",ViewSonic,Monitors,68000,75000,4.5,https://res.cloudinary.com/vgqckxmi/image/upload/v1783553998/fastcomputers/noran9setw2k1bfpmcqp.jpg,false,"The ViewSonic XG2431 24"" Fast IPS FHD 240Hz ESPORTS delivers stunning visuals with its Fast IPS Panel panel and 1920x1080 FHD display. With 240Hz / 0.5ms GtG for silky-smooth gameplay and ultra-low response times, it's the perfect display for both competitive gaming and creative work.",Screen,Panel,Resolution,Refresh Rate,Blur Red.,Sync,23.8 inches,Fast IPS Panel,1920x1080 FHD,240Hz / 0.5ms GtG,VESA ClearMR 9000,FreeSync Premium,2026-07-08T19:14:32.724Z
6a4ea19933535645d0238fab,Corsair RM850x 850W 80+ Gold Fully Modular PSU,Corsair,PSUs,34500,38500,4.5,https://res.cloudinary.com/vgqckxmi/image/upload/v1783554932/fastcomputers/p4cldkdh9emzrvsiukv6.jpg,true,The Corsair RM850x 850W 80+ Gold Fully Modular PSU is a reliable 850W power supply with 80 Plus Gold certification for maximum efficiency and minimal waste heat. The Fully Modular cabling system keeps your build clean and airflow unrestricted. Built to deliver stable power under the most demanding PC configurations.,Wattage,Efficiency,Modular,Capacitors,Fan,Zero RPM,850W,80 Plus Gold,Fully Modular,Japanese 105°C,135mm MagLev Fan,Yes,2026-07-08T19:14:32.724Z
6a4ea19933535645d0238fac,Seasonic Focus GX-850 850W 80+ Gold Modular PSU,Seasonic,PSUs,38000,42500,4.3,https://res.cloudinary.com/vgqckxmi/image/upload/v1783554828/fastcomputers/djunozyhwi0evhnbxzzo.jpg,true,The Seasonic Focus GX-850 850W 80+ Gold Modular PSU is a reliable 850W power supply with 80 Plus Gold certification for maximum efficiency and minimal waste heat. The Fully Modular cabling system keeps your build clean and airflow unrestricted. Built to deliver stable power under the most demanding PC configurations.,Wattage,Efficiency,Modular,Fan,Protection,Warranty,850W,80 Plus Gold,Fully Modular,135mm Fluid Dynamic,OPP/OVP/UVP/SCP/OTP,10 Years,2026-07-08T19:14:32.725Z
6a4ea19933535645d0238fad,DeepCool PX1000G 1000W 80+ Gold PCIe 5.0 ATX 3.0,DeepCool,PSUs,38500,42500,4.7,https://res.cloudinary.com/vgqckxmi/image/upload/v1783554848/fastcomputers/frd6xhjwrfqfxbzan9r1.jpg,true,The DeepCool PX1000G 1000W 80+ Gold PCIe 5.0 ATX 3.0 is a reliable 1000W ATX 3.0 power supply with 80 Plus Gold certification for maximum efficiency and minimal waste heat. The Fully Modular + 12VHPWR cabling system keeps your build clean and airflow unrestricted. Built to deliver stable power under the most demanding PC configurations.,Wattage,Efficiency,Modular,Capacitors,Fan,Topology,1000W ATX 3.0,80 Plus Gold,Fully Modular + 12VHPWR,Japanese,140mm FDB Fan,Full-Bridge LLC,2026-07-08T19:14:32.725Z
6a4ea19933535645d0238fae,Cooler Master MWE Gold 850 V2 Fully Modular PSU,Cooler Master,PSUs,33000,36500,4.2,https://res.cloudinary.com/vgqckxmi/image/upload/v1783554865/fastcomputers/p8vr1xw92nwkejsj2zxu.jpg,true,The Cooler Master MWE Gold 850 V2 Fully Modular PSU is a reliable 850W power supply with 80 Plus Gold certification for maximum efficiency and minimal waste heat. The Fully Modular cabling system keeps your build clean and airflow unrestricted. Built to deliver stable power under the most demanding PC configurations.,Wattage,Efficiency,Modular,Temp,Fan,Rail,850W,80 Plus Gold,Fully Modular,50°C Full Load Rated,140mm HDB Fan,Single +12V Rail,2026-07-08T19:14:32.725Z
6a4ea19933535645d0238faf,Thermaltake Toughpower GF3 850W 80+ Gold ATX 3.0,Thermaltake,PSUs,32000,36000,4.9,https://res.cloudinary.com/vgqckxmi/image/upload/v1783554881/fastcomputers/r28l37glxjkckbvdmyg5.jpg,true,The Thermaltake Toughpower GF3 850W 80+ Gold ATX 3.0 is a reliable 850W ATX 3.0 power supply with 80 Plus Gold certification for maximum efficiency and minimal waste heat. The Fully Modular + 12VHPWR cabling system keeps your build clean and airflow unrestricted. Built to deliver stable power under the most demanding PC configurations.,Wattage,Efficiency,Modular,Protection,Fan,Warranty,850W ATX 3.0,80 Plus Gold,Fully Modular + 12VHPWR,OPP/OVP/UVP/OCP/SCP/OTP,140mm Hydraulic,10 Years,2026-07-08T19:14:32.725Z
6a4ea19933535645d0238fb0,ASUS Prime AP-850G 850W 80+ Gold Fully Modular,ASUS,PSUs,35000,39000,4.1,https://res.cloudinary.com/vgqckxmi/image/upload/v1783554898/fastcomputers/nqoaoqly9cfz2wqig8ew.jpg,true,The ASUS Prime AP-850G 850W 80+ Gold Fully Modular is a reliable 850W power supply with 80 Plus Gold certification for maximum efficiency and minimal waste heat. The Fully Modular cabling system keeps your build clean and airflow unrestricted. Built to deliver stable power under the most demanding PC configurations.,Wattage,Efficiency,Modular,Fan,Conversion,Protection,850W,80 Plus Gold,Fully Modular,135mm 0-dB Axial,DC-DC Conversion,OPP/OVP/OCP/SCP/UVP,2026-07-08T19:14:32.725Z
6a4ea19933535645d0238fb1,Silverstone SX750-PT 750W 80+ Platinum SFX PSU,Silverstone,PSUs,42000,47000,4.1,https://res.cloudinary.com/vgqckxmi/image/upload/v1783554806/fastcomputers/mutnymkgvew8xiurmhfo.jpg,true,The Silverstone SX750-PT 750W 80+ Platinum SFX PSU is a reliable 750W SFX power supply with 80 Plus Platinum certification for maximum efficiency and minimal waste heat. The Fully Modular cabling system keeps your build clean and airflow unrestricted. Built to deliver stable power under the most demanding PC configurations.,Wattage,Efficiency,Modular,Form Factor,Fan,Protection,750W SFX,80 Plus Platinum,Fully Modular,SFX + ATX Bracket,92mm Fluid Dynamic,Full Protection Suite,2026-07-08T19:14:32.725Z
6a4ea19933535645d0238fb2,FSP Hydro GT Pro 1000W 80+ Gold ATX 3.0 PSU,FSP,PSUs,39000,44000,4.1,https://res.cloudinary.com/vgqckxmi/image/upload/v1783554917/fastcomputers/avknkwubou6cb99asezk.jpg,true,The FSP Hydro GT Pro 1000W 80+ Gold ATX 3.0 PSU is a reliable 1000W ATX 3.0 power supply with 80 Plus Gold certification for maximum efficiency and minimal waste heat. The Fully Modular + 12VHPWR cabling system keeps your build clean and airflow unrestricted. Built to deliver stable power under the most demanding PC configurations.,Wattage,Efficiency,Modular,Fan,PCIe,Rail,1000W ATX 3.0,80 Plus Gold,Fully Modular + 12VHPWR,140mm Double Ball Bearing,PCIe 5.0 Ready,Single +12V,2026-07-08T19:14:32.725Z
6a4ea19933535645d0238fb3,Super Flower Leadex VII Gold 850W Fully Modular,Super Flower,PSUs,36000,40000,4.9,https://res.cloudinary.com/vgqckxmi/image/upload/v1783554789/fastcomputers/rstdiyb1qsaai4az3mix.jpg,true,The Super Flower Leadex VII Gold 850W Fully Modular is a reliable 850W power supply with 80 Plus Gold certification for maximum efficiency and minimal waste heat. The Fully Modular cabling system keeps your build clean and airflow unrestricted. Built to deliver stable power under the most demanding PC configurations.,Wattage,Efficiency,Modular,Fan,APFC,Warranty,850W,80 Plus Gold,Fully Modular,135mm Fluid Dynamic,Active Power Factor Correction,10 Years,2026-07-08T19:14:32.726Z
6a4ea19933535645d0238fb4,be quiet! Dark Power 13 850W 80+ Titanium PSU,be quiet!,PSUs,65000,72000,4.6,https://res.cloudinary.com/vgqckxmi/image/upload/v1783554772/fastcomputers/yw1infg6hekgrw0d4dzg.jpg,true,The be quiet! Dark Power 13 850W 80+ Titanium PSU is a reliable 850W power supply with 80 Plus Titanium certification for maximum efficiency and minimal waste heat. The Fully Modular cabling system keeps your build clean and airflow unrestricted. Built to deliver stable power under the most demanding PC configurations.,Wattage,Efficiency,Modular,Fan,Noise,Warranty,850W,80 Plus Titanium,Fully Modular,135mm Silent Wings 4,Silent at <20% Load,10 Years,2026-07-08T19:14:32.726Z
6a4ea19933535645d0238fb5,NZXT H7 Flow ATX Mid Tower Case,NZXT,Cases,32000,36000,4.4,https://res.cloudinary.com/vgqckxmi/image/upload/v1783548878/fastcomputers/ps7gcgusc1gsniylfupb.jpg,true,"The NZXT H7 Flow ATX Mid Tower Case is a well-crafted PC chassis that balances aesthetics and airflow performance. Offering ample space for high-end components and support for large radiators, it makes building a clean, powerful system effortless. NZXT's attention to cable management and build quality makes it a favorite among PC enthusiasts.",Form Factor,Tempered Glass,Fan Slots,Radiator,Drive Bays,USB,ATX Mid Tower,Front + Side TG,7 x 120mm Max,360mm Front Max,"2x 3.5"" + 4x 2.5""",2x USB 3.0 + USB-C,2026-07-08T19:14:32.726Z
6a4ea19933535645d0238fb6,Corsair 5000D Airflow ATX Mid Tower Case,Corsair,Cases,34000,38000,4.9,https://res.cloudinary.com/vgqckxmi/image/upload/v1783548863/fastcomputers/u9s8s5nmgarteyekhtvw.jpg,true,"The Corsair 5000D Airflow ATX Mid Tower Case is a well-crafted PC chassis that balances aesthetics and airflow performance. Offering ample space for high-end components and support for large radiators, it makes building a clean, powerful system effortless. Corsair's attention to cable management and build quality makes it a favorite among PC enthusiasts.",Form Factor,Airflow,Fan Slots,Radiator,GPU Length,Drive Bays,ATX Mid Tower,High-Airflow Front Panel,9 x 120mm Max,360mm Front + Top,Up to 420mm,"3x 3.5"" + 2x 2.5""",2026-07-08T19:14:32.726Z
6a4ea19933535645d0238fb7,Lian Li PC-O11 Dynamic EVO XL ATX Tower,Lian Li,Cases,38000,42000,4.6,https://res.cloudinary.com/vgqckxmi/image/upload/v1783548845/fastcomputers/rg46ay6t7a91rxhktygr.webp,false,"The Lian Li PC-O11 Dynamic EVO XL ATX Tower is a well-crafted PC chassis that balances aesthetics and airflow performance. Offering ample space for high-end components and support for large radiators, it makes building a clean, powerful system effortless. Lian Li's attention to cable management and build quality makes it a favorite among PC enthusiasts.",Form Factor,Tempered Glass,Fan Slots,Radiator,Expansion,Drive Bays,ATX / E-ATX Mid Tower,Dual Tempered Glass,10 x 120mm Max,2x 360mm Support,7+2 PCIe Slots,"2x 3.5"" + 4x 2.5""",2026-07-08T19:14:32.726Z
6a4ea19933535645d0238fb8,Fractal Design Torrent Compact ATX Case,Fractal Design,Cases,42000,47000,4.3,https://res.cloudinary.com/vgqckxmi/image/upload/v1783548647/fastcomputers/mahmufsaox3opqujt9ez.jpg,true,"The Fractal Design Torrent Compact ATX Case is a well-crafted PC chassis that balances aesthetics and airflow performance. Offering ample space for high-end components and support for large radiators, it makes building a clean, powerful system effortless. Fractal Design's attention to cable management and build quality makes it a favorite among PC enthusiasts.",Form Factor,Front Fans,Top Fan,GPU Length,Radiator,Tempered Glass,ATX Mid Tower,2x 180mm PWM Fans,1x 140mm Fan,Up to 431mm,360mm Bottom,Side TG Panel,2026-07-08T19:14:32.726Z
6a4ea19933535645d0238fb9,be quiet! Pure Base 500DX ARGB ATX Case,be quiet!,Cases,28000,32000,4.9,https://res.cloudinary.com/vgqckxmi/image/upload/v1783548624/fastcomputers/hg5ww3ih4lvl5fbxxo5z.jpg,true,"The be quiet! Pure Base 500DX ARGB ATX Case is a well-crafted PC chassis that balances aesthetics and airflow performance. Offering ample space for high-end components and support for large radiators, it makes building a clean, powerful system effortless. be quiet!'s attention to cable management and build quality makes it a favorite among PC enthusiasts.",Form Factor,Noise Dampening,ARGB Fans,GPU Length,Radiator,Drive Bays,ATX Mid Tower,3x Dampening Panels,3x Light Wings ARGB,Up to 369mm,360mm Front / Top,"2x 3.5"" + 3x 2.5""",2026-07-08T19:14:32.726Z
6a4ea19933535645d0238fba,Phanteks Eclipse G500A DRGB High-Airflow ATX,Phanteks,Cases,28000,32000,4.1,https://res.cloudinary.com/vgqckxmi/image/upload/v1783548334/fastcomputers/xyqy6wkhqwtf4y9mbh1u.jpg,true,"The Phanteks Eclipse G500A DRGB High-Airflow ATX is a well-crafted PC chassis that balances aesthetics and airflow performance. Offering ample space for high-end components and support for large radiators, it makes building a clean, powerful system effortless. Phanteks's attention to cable management and build quality makes it a favorite among PC enthusiasts.",Form Factor,Front,ARGB Fans,GPU Length,Radiator,Drive Bays,ATX Mid Tower,High-Airflow Mesh Panel,3x 120mm DRGB Fans,Up to 435mm,360mm Support,"2x 3.5"" + 3x 2.5""",2026-07-08T19:14:32.726Z
6a4ea19933535645d0238fbb,Cooler Master HAF 500 Airflow ATX Mid Tower,Cooler Master,Cases,25000,28500,4.3,https://res.cloudinary.com/vgqckxmi/image/upload/v1783548602/fastcomputers/cclpxs5hftv5re9vywtp.jpg,false,"The Cooler Master HAF 500 Airflow ATX Mid Tower is a well-crafted PC chassis that balances aesthetics and airflow performance. Offering ample space for high-end components and support for large radiators, it makes building a clean, powerful system effortless. Cooler Master's attention to cable management and build quality makes it a favorite among PC enthusiasts.",Form Factor,Front Fans,Airflow,GPU Length,Radiator,USB,ATX Mid Tower,2x 200mm ARGB Fans,High Air Flow Front,Up to 410mm,360mm Front,2x USB 3.0 + USB-C,2026-07-08T19:14:32.726Z
6a4ea19933535645d0238fbc,Thermaltake View 51 Panoramic TG ARGB Case,Thermaltake,Cases,35000,40000,4.4,https://res.cloudinary.com/vgqckxmi/image/upload/v1783548463/fastcomputers/v4hhnrbeafkvfslspt6f.jpg,true,"The Thermaltake View 51 Panoramic TG ARGB Case is a well-crafted PC chassis that balances aesthetics and airflow performance. Offering ample space for high-end components and support for large radiators, it makes building a clean, powerful system effortless. Thermaltake's attention to cable management and build quality makes it a favorite among PC enthusiasts.",Form Factor,Tempered Glass,ARGB Fans,GPU Length,Radiator,Drive Bays,Full Tower ATX,4-Side Panoramic TG,3x 200mm ARGB Front,Up to 400mm,420mm Top Support,"4x 3.5"" + 3x 2.5""",2026-07-08T19:14:32.726Z
6a4ea19933535645d0238fbd,Silverstone FARA B1 Pro ATX Mid Tower Case,Silverstone,Cases,19500,22000,4.1,https://res.cloudinary.com/vgqckxmi/image/upload/v1783548385/fastcomputers/j5xgncej1rnb2nhx4o2e.jpg,true,"The Silverstone FARA B1 Pro ATX Mid Tower Case is a well-crafted PC chassis that balances aesthetics and airflow performance. Offering ample space for high-end components and support for large radiators, it makes building a clean, powerful system effortless. Silverstone's attention to cable management and build quality makes it a favorite among PC enthusiasts.",Form Factor,Front,Fans Included,GPU Length,Radiator,Drive Bays,ATX Mid Tower,Steel Mesh Airflow,1x 120mm Rear,Up to 340mm,240mm Top + Front,"2x 3.5"" + 2x 2.5""",2026-07-08T19:14:32.726Z
6a4ea19933535645d0238fbe,InWin 309 Tempered Glass ATX Mid Tower Case,InWin,Cases,22000,25000,4.1,https://res.cloudinary.com/vgqckxmi/image/upload/v1783548357/fastcomputers/hiivkwiwlbon7w6uhudf.jpg,true,"The InWin 309 Tempered Glass ATX Mid Tower Case is a well-crafted PC chassis that balances aesthetics and airflow performance. Offering ample space for high-end components and support for large radiators, it makes building a clean, powerful system effortless. InWin's attention to cable management and build quality makes it a favorite among PC enthusiasts.",Form Factor,Tempered Glass,Front,GPU Length,Fan Slots,Drive Bays,ATX Mid Tower,Full-length Side TG,Panoramic Mesh Panel,Up to 360mm,7x 120mm Max,"2x 3.5"" + 2x 2.5""",2026-07-08T19:14:32.726Z
6a4ea19933535645d0238fbf,Cooler Master Hyper 212 Halo Black ARGB Air Cooler,Cooler Master,Coolers,9500,11000,4.7,https://res.cloudinary.com/vgqckxmi/image/upload/v1783549209/fastcomputers/ojgutcbnuwv5e58jxskh.webp,true,"The Cooler Master Hyper 212 Halo Black ARGB Air Cooler is a high-performance CPU cooler designed to keep your processor running cool and quiet. With excellent thermal performance and near-silent operation, it's ideal for overclocking and sustained workloads. Compatible with all major Intel and AMD sockets for a wide range of build configurations.",Type,TDP Support,Fans,Fan Speed,Height,Sockets,Single Tower Air Cooler,Up to 250W,2x 120mm ARGB Fans,650-2000 RPM,158.8mm,LGA1700/1200 + AM5/AM4,2026-07-08T19:14:32.726Z
6a4ea19933535645d0238fc0,Noctua NH-D15 chromax.black Dual Tower Air Cooler,Noctua,Coolers,38000,42000,4.7,https://res.cloudinary.com/vgqckxmi/image/upload/v1783549068/fastcomputers/ritlv4f4ekrwdrvfco8f.jpg,true,"The Noctua NH-D15 chromax.black Dual Tower Air Cooler is a high-performance CPU cooler designed to keep your processor running cool and quiet. With excellent thermal performance and near-silent operation, it's ideal for overclocking and sustained workloads. Compatible with all major Intel and AMD sockets for a wide range of build configurations.",Type,TDP Support,Fans,Fan Speed,Noise,Height,Dual Tower Air Cooler,250W+,2x 140mm NF-A15 PWM,300-1500 RPM,24.6 dB(A),165mm,2026-07-08T19:14:32.726Z
6a4ea19933535645d0238fc1,be quiet! Dark Rock Pro 4 Dual Tower Air Cooler,be quiet!,Coolers,28000,32000,4.7,https://res.cloudinary.com/vgqckxmi/image/upload/v1783549045/fastcomputers/v1eyfed0zumzo9lkyn1z.jpg,true,"The be quiet! Dark Rock Pro 4 Dual Tower Air Cooler is a high-performance CPU cooler designed to keep your processor running cool and quiet. With excellent thermal performance and near-silent operation, it's ideal for overclocking and sustained workloads. Compatible with all major Intel and AMD sockets for a wide range of build configurations.",Type,TDP Support,Fans,Fan Speed,Noise,Height,Dual Tower Air Cooler,250W,1x 135mm + 1x 120mm SilentWings 3,Up to 1500 RPM,24.3 dB(A),162.8mm,2026-07-08T19:14:32.726Z
6a4ea19933535645d0238fc2,DeepCool AK620 ZERO DARK Dual Tower Air Cooler,DeepCool,Coolers,18000,21000,4.3,https://res.cloudinary.com/vgqckxmi/image/upload/v1783549022/fastcomputers/x6yqzyruhk5shnayrfea.avif,true,"The DeepCool AK620 ZERO DARK Dual Tower Air Cooler is a high-performance CPU cooler designed to keep your processor running cool and quiet. With excellent thermal performance and near-silent operation, it's ideal for overclocking and sustained workloads. Compatible with all major Intel and AMD sockets for a wide range of build configurations.",Type,TDP Support,Fans,Fan Speed,Noise,Height,Dual Tower Air Cooler,260W,2x 120mm FDB Fans,500-1850 RPM,28 dB(A) Max,160mm,2026-07-08T19:14:32.726Z
6a4ea19933535645d0238fc3,Thermalright Peerless Assassin 120 SE ARGB Cooler,Thermalright,Coolers,12000,14000,4.5,https://res.cloudinary.com/vgqckxmi/image/upload/v1783549266/fastcomputers/y3rfkyyilzi1wfnaak11.jpg,true,"The Thermalright Peerless Assassin 120 SE ARGB Cooler is a high-performance CPU cooler designed to keep your processor running cool and quiet. With excellent thermal performance and near-silent operation, it's ideal for overclocking and sustained workloads. Compatible with all major Intel and AMD sockets for a wide range of build configurations.",Type,TDP Support,Fans,Fan Speed,Heatpipes,Height,Dual Tower Air Cooler,240W,2x 120mm ARGB,500-1550 RPM,6x 6mm Copper,155mm,2026-07-08T19:14:32.726Z
6a4ea19933535645d0238fc4,Arctic Liquid Freezer III 360 AIO Liquid Cooler,Arctic,Coolers,28500,32000,4.8,https://res.cloudinary.com/vgqckxmi/image/upload/v1783549230/fastcomputers/vtaqpt768h2vkmnisg7k.jpg,true,"The Arctic Liquid Freezer III 360 AIO Liquid Cooler is a high-performance CPU cooler designed to keep your processor running cool and quiet. With excellent thermal performance and near-silent operation, it's ideal for overclocking and sustained workloads. Compatible with all major Intel and AMD sockets for a wide range of build configurations.",Type,Pump Speed,Fans,Fan Speed,Noise,Sockets,360mm AIO Liquid Cooler,800-2800 RPM,3x 120mm P12 PWM PST,200-1800 RPM,0.5 Sone Max,LGA1700 + AM5/AM4,2026-07-08T19:14:32.726Z
6a4ea19933535645d0238fc5,ID-Cooling FrostFlow X 360 ARGB AIO Cooler,ID-Cooling,Coolers,15000,17500,4.5,https://res.cloudinary.com/vgqckxmi/image/upload/v1783549529/fastcomputers/eafg4xyuluo01zlb4lay.jpg,true,"The ID-Cooling FrostFlow X 360 ARGB AIO Cooler is a high-performance CPU cooler designed to keep your processor running cool and quiet. With excellent thermal performance and near-silent operation, it's ideal for overclocking and sustained workloads. Compatible with all major Intel and AMD sockets for a wide range of build configurations.",Type,Radiator,Fans,Fan Speed,Pump Speed,RGB,360mm AIO Liquid Cooler,360mm Aluminum,3x 120mm ARGB PWM,700-1800 RPM,3000 RPM,ARGB Infinity Mirror,2026-07-08T19:14:32.726Z
6a4ea19933535645d0238fc6,Corsair iCUE H150i Elite LCD XT 360mm AIO,Corsair,Coolers,55000,62000,4.1,https://res.cloudinary.com/vgqckxmi/image/upload/v1783549509/fastcomputers/dgt0bslx7oh3hrrvp0iv.jpg,true,"The Corsair iCUE H150i Elite LCD XT 360mm AIO is a high-performance CPU cooler designed to keep your processor running cool and quiet. With excellent thermal performance and near-silent operation, it's ideal for overclocking and sustained workloads. Compatible with all major Intel and AMD sockets for a wide range of build configurations.",Type,Display,Fans,Fan Speed,Software,RGB,360mm AIO Liquid Cooler,"2.1"" IPS LCD Pump Head",3x 120mm AF120 Elite,Up to 2000 RPM,iCUE Control,Full iCUE RGB Ecosystem,2026-07-08T19:14:32.726Z
6a4ea19933535645d0238fc7,NZXT Kraken 360 RGB AIO Liquid Cooler,NZXT,Coolers,45000,51000,4.8,https://res.cloudinary.com/vgqckxmi/image/upload/v1783549471/fastcomputers/m2ti42oabh1hqzvgzzrz.jpg,true,"The NZXT Kraken 360 RGB AIO Liquid Cooler is a high-performance CPU cooler designed to keep your processor running cool and quiet. With excellent thermal performance and near-silent operation, it's ideal for overclocking and sustained workloads. Compatible with all major Intel and AMD sockets for a wide range of build configurations.",Type,Display,Fans,Fan Speed,Software,Sockets,360mm AIO Liquid Cooler,"1.54"" LCD Infinity Display",3x 120mm F120 RGB Core,500-2000 RPM,NZXT CAM,LGA1700 + AM5/AM4,2026-07-08T19:14:32.726Z
6a4ea19933535645d0238fc8,Lian Li Galahad II Trinity 360 ARGB AIO Cooler,Lian Li,Coolers,38000,43000,4.2,https://res.cloudinary.com/vgqckxmi/image/upload/v1783549415/fastcomputers/a953lxrhryc4p0cwvsrz.jpg,true,"The Lian Li Galahad II Trinity 360 ARGB AIO Cooler is a high-performance CPU cooler designed to keep your processor running cool and quiet. With excellent thermal performance and near-silent operation, it's ideal for overclocking and sustained workloads. Compatible with all major Intel and AMD sockets for a wide range of build configurations.",Type,Head,Fans,Fan Speed,Control,Radiator,360mm AIO Liquid Cooler,ARGB 60mm Pump Head,3x 120mm ARGB PWM,800-2200 RPM,L-Connect 3 Software,28mm Thickness,2026-07-08T19:14:32.726Z
6a4ea19933535645d0238fc9,ASUS ROG Strix G16 G614 RTX 4070 Gaming Laptop,ASUS,Laptops,499000,549000,5,https://res.cloudinary.com/vgqckxmi/image/upload/v1783552727/fastcomputers/ojvnkhrwnpcohjuqeiey.jpg,true,"The ASUS ROG Strix G16 G614 RTX 4070 Gaming Laptop is a powerful gaming laptop that brings desktop-grade performance to your backpack. Equipped with NVIDIA RTX 4070 8GB and a 16"" QHD+ 240Hz, it handles the latest AAA titles and creative applications without breaking a sweat. ASUS's thermal engineering ensures sustained performance under load.",CPU,GPU,Display,RAM,Storage,Battery,Intel Core i9-13980HX,NVIDIA RTX 4070 8GB,"16"" QHD+ 240Hz",32GB DDR5,1TB NVMe SSD,90Wh,2026-07-08T19:14:32.726Z
6a4ea19933535645d0238fca,MSI Raider GE78 HX RTX 4090 Gaming Laptop,MSI,Laptops,785000,850000,5,https://res.cloudinary.com/vgqckxmi/image/upload/v1783552710/fastcomputers/nmaeiz0xllkl43lkaheu.jpg,false,"The MSI Raider GE78 HX RTX 4090 Gaming Laptop is a powerful gaming laptop that brings desktop-grade performance to your backpack. Equipped with NVIDIA RTX 4090 16GB and a 17"" QHD+ 240Hz Mini-LED, it handles the latest AAA titles and creative applications without breaking a sweat. MSI's thermal engineering ensures sustained performance under load.",CPU,GPU,Display,RAM,Storage,Battery,Intel Core i9-13950HX,NVIDIA RTX 4090 16GB,"17"" QHD+ 240Hz Mini-LED",32GB DDR5,2TB NVMe SSD,99.9Wh,2026-07-08T19:14:32.726Z
6a4ea19933535645d0238fcb,Acer Predator Helios Neo 16 RTX 4060 Laptop,Acer,Laptops,299000,329000,4.9,https://res.cloudinary.com/vgqckxmi/image/upload/v1783552691/fastcomputers/jgvstdwp4if14sfkmeok.jpg,true,"The Acer Predator Helios Neo 16 RTX 4060 Laptop is a powerful gaming laptop that brings desktop-grade performance to your backpack. Equipped with NVIDIA RTX 4060 8GB and a 16"" WUXGA 165Hz IPS, it handles the latest AAA titles and creative applications without breaking a sweat. Acer's thermal engineering ensures sustained performance under load.",CPU,GPU,Display,RAM,Storage,Battery,Intel Core i7-13700HX,NVIDIA RTX 4060 8GB,"16"" WUXGA 165Hz IPS",16GB DDR5,512GB NVMe SSD,76Wh,2026-07-08T19:14:32.726Z
6a4ea19933535645d0238fcc,Lenovo Legion Pro 7i Gen 8 RTX 4080 Laptop,Lenovo,Laptops,599000,659000,4.9,https://res.cloudinary.com/vgqckxmi/image/upload/v1783552674/fastcomputers/fkrw3na9scoc2i9jdrr2.webp,false,"The Lenovo Legion Pro 7i Gen 8 RTX 4080 Laptop is a powerful gaming laptop that brings desktop-grade performance to your backpack. Equipped with NVIDIA RTX 4080 12GB and a 16"" WQXGA 240Hz IPS, it handles the latest AAA titles and creative applications without breaking a sweat. Lenovo's thermal engineering ensures sustained performance under load.",CPU,GPU,Display,RAM,Storage,Battery,Intel Core i9-13900HX,NVIDIA RTX 4080 12GB,"16"" WQXGA 240Hz IPS",32GB DDR5,1TB NVMe SSD,99.9Wh,2026-07-08T19:14:32.726Z
6a4ea19933535645d0238fcd,Dell Alienware m18 R2 RTX 4090 Gaming Laptop,Dell,Laptops,749000,819000,4.5,https://res.cloudinary.com/vgqckxmi/image/upload/v1783552654/fastcomputers/cv7omojuyj01y3mqu77l.jpg,false,"The Dell Alienware m18 R2 RTX 4090 Gaming Laptop is a powerful gaming laptop that brings desktop-grade performance to your backpack. Equipped with NVIDIA RTX 4090 16GB and a 18"" FHD+ 480Hz QD-OLED, it handles the latest AAA titles and creative applications without breaking a sweat. Dell's thermal engineering ensures sustained performance under load.",CPU,GPU,Display,RAM,Storage,Battery,Intel Core i9-14900HX,NVIDIA RTX 4090 16GB,"18"" FHD+ 480Hz QD-OLED",32GB DDR5,1TB NVMe SSD,86Wh,2026-07-08T19:14:32.726Z
6a4ea19933535645d0238fce,HP Omen 16 RTX 4060 Gaming Laptop 2024,HP,Laptops,279000,309000,4.3,https://res.cloudinary.com/vgqckxmi/image/upload/v1783552469/fastcomputers/aabh1fry8aqdi2nnfdj3.jpg,true,"The HP Omen 16 RTX 4060 Gaming Laptop 2024 is a powerful gaming laptop that brings desktop-grade performance to your backpack. Equipped with NVIDIA RTX 4060 8GB and a 16.1"" FHD 165Hz IPS, it handles the latest AAA titles and creative applications without breaking a sweat. HP's thermal engineering ensures sustained performance under load.",CPU,GPU,Display,RAM,Storage,Battery,Intel Core i7-13700HX,NVIDIA RTX 4060 8GB,"16.1"" FHD 165Hz IPS",16GB DDR5,512GB NVMe SSD,83Wh,2026-07-08T19:14:32.726Z
6a4ea19933535645d0238fcf,Gigabyte Aorus 16X RTX 4070 Ti Gaming Laptop,Gigabyte,Laptops,385000,425000,5,https://res.cloudinary.com/vgqckxmi/image/upload/v1783552448/fastcomputers/zoj6p4z7ur0zgelu5zrt.webp,true,"The Gigabyte Aorus 16X RTX 4070 Ti Gaming Laptop is a powerful gaming laptop that brings desktop-grade performance to your backpack. Equipped with NVIDIA RTX 4070 Ti 8GB and a 16"" QHD+ 165Hz, it handles the latest AAA titles and creative applications without breaking a sweat. Gigabyte's thermal engineering ensures sustained performance under load.",CPU,GPU,Display,RAM,Storage,Feature,Intel Core i9-13980HX,NVIDIA RTX 4070 Ti 8GB,"16"" QHD+ 165Hz",16GB DDR5,1TB NVMe SSD,AI Power Balancer,2026-07-08T19:14:32.726Z
6a4ea19933535645d0238fd0,Razer Blade 16 RTX 4090 Ultra Gaming Laptop,Razer,Laptops,899000,979000,4.6,https://res.cloudinary.com/vgqckxmi/image/upload/v1783552432/fastcomputers/h87iueft8ctuuwkfao5a.jpg,true,"The Razer Blade 16 RTX 4090 Ultra Gaming Laptop is a powerful gaming laptop that brings desktop-grade performance to your backpack. Equipped with NVIDIA RTX 4090 16GB and a 16"" Mini-LED QHD+ 240Hz, it handles the latest AAA titles and creative applications without breaking a sweat. Razer's thermal engineering ensures sustained performance under load.",CPU,GPU,Display,RAM,Storage,Build,Intel Core i9-13950HX,NVIDIA RTX 4090 16GB,"16"" Mini-LED QHD+ 240Hz",32GB DDR5,1TB NVMe SSD,CNC Aluminum Unibody,2026-07-08T19:14:32.726Z
6a4ea19933535645d0238fd1,Samsung Galaxy Book4 Ultra RTX 4070 Laptop,Samsung,Laptops,499000,549000,4.7,https://res.cloudinary.com/vgqckxmi/image/upload/v1783552415/fastcomputers/g3jleoidoeejbyln4yla.webp,true,"The Samsung Galaxy Book4 Ultra RTX 4070 Laptop is a powerful gaming laptop that brings desktop-grade performance to your backpack. Equipped with NVIDIA RTX 4070 8GB and a 16"" 3K 120Hz AMOLED, it handles the latest AAA titles and creative applications without breaking a sweat. Samsung's thermal engineering ensures sustained performance under load.",CPU,GPU,Display,RAM,Storage,Weight,Intel Core Ultra 9 185H,NVIDIA RTX 4070 8GB,"16"" 3K 120Hz AMOLED",32GB LPDDR5X,1TB NVMe SSD,1.86kg,2026-07-08T19:14:32.726Z
6a4ea19933535645d0238fd2,Apple MacBook Pro M3 Max 16-inch Laptop,Apple,Laptops,699000,759000,4.8,https://res.cloudinary.com/vgqckxmi/image/upload/v1783552398/fastcomputers/gg0lf9yi0wktafbaetxc.avif,false,"The Apple MacBook Pro M3 Max 16-inch Laptop is a powerful gaming laptop that brings desktop-grade performance to your backpack. Equipped with 40-core GPU and a 16.2"" Liquid Retina XDR, it handles the latest AAA titles and creative applications without breaking a sweat. Apple's thermal engineering ensures sustained performance under load.",Chip,GPU,Display,RAM,Storage,Battery,Apple M3 Max (14+30 core),40-core GPU,"16.2"" Liquid Retina XDR",36GB Unified Memory,1TB SSD,Up to 22 Hours,2026-07-08T19:14:32.726Z
